packet_count,byte_count,duration_sec,byte_rate,label
2,120,0,0,0
5,502,0,0,0
1,60,0,0,0
4,368,0,0,0
2,120,0,0,0
5,482,0,0,0
1,60,0,0,0
5,432,0,0,0
0,0,0,0,0
3,280,0,0,0
6,360,2,180.0,0
2,196,1,196.0,0
1,98,1,98.0,0
2,196,1,196.0,0
1,98,1,98.0,0
2,196,1,196.0,0
1,98,1,98.0,0
2,196,1,196.0,0
1,98,1,98.0,0
2,196,1,196.0,0
1,98,1,98.0,0
2,196,0,0,0
1,98,0,0,0
2,196,0,0,0
1,98,0,0,0
78,7090,2,3545.0,0
1,60,2,30.0,0
2,196,1,196.0,0
1,98,1,98.0,0
2,196,1,196.0,0
1,98,1,98.0,0
2,196,0,0,0
1,98,0,0,0
2,196,0,0,0
1,98,0,0,0
71,6326,2,3163.0,0
5,300,2,150.0,0
2,196,1,196.0,0
1,98,1,98.0,0
2,196,1,196.0,0
1,98,1,98.0,0
2,196,1,196.0,0
1,98,1,98.0,0
2,196,1,196.0,0
1,98,1,98.0,0
2,196,1,196.0,0
1,98,1,98.0,0
2,196,1,196.0,0
1,98,1,98.0,0
2,196,1,196.0,0
1,98,1,98.0,0
2,196,0,0,0
1,98,0,0,0
81,7340,2,3670.0,0
3,180,2,90.0,0
2,196,1,196.0,0
1,98,1,98.0,0
2,196,1,196.0,0
1,98,1,98.0,0
2,196,1,196.0,0
1,98,1,98.0,0
2,196,1,196.0,0
1,98,1,98.0,0
72,6564,2,3282.0,0
4,240,2,120.0,0
2,196,1,196.0,0
1,98,1,98.0,0
2,196,1,196.0,0
1,98,1,98.0,0
2,196,1,196.0,0
1,98,1,98.0,0
2,196,1,196.0,0
1,98,1,98.0,0
2,196,1,196.0,0
1,98,1,98.0,0
2,196,1,196.0,0
1,98,1,98.0,0
2,196,1,196.0,0
1,98,1,98.0,0
78,6832,2,3416.0,0
5,300,4,75.0,0
2,196,3,65.33333333333333,0
1,98,3,32.666666666666664,0
2,196,3,65.33333333333333,0
1,98,3,32.666666666666664,0
2,196,3,65.33333333333333,0
1,98,3,32.666666666666664,0
2,196,3,65.33333333333333,0
1,98,3,32.666666666666664,0
97,10534,4,2633.5,0
4,240,4,60.0,0
2,196,3,65.33333333333333,0
1,98,3,32.666666666666664,0
2,196,3,65.33333333333333,0
1,98,3,32.666666666666664,0
2,196,2,98.0,0
1,98,2,49.0,0
2,196,2,98.0,0
1,98,2,49.0,0
98,10488,4,2622.0,0
8,480,4,120.0,0
2,196,3,65.33333333333333,0
1,98,3,32.666666666666664,0
2,196,3,65.33333333333333,0
1,98,3,32.666666666666664,0
2,196,3,65.33333333333333,0
1,98,3,32.666666666666664,0
2,196,3,65.33333333333333,0
1,98,3,32.666666666666664,0
2,196,3,65.33333333333333,0
1,98,3,32.666666666666664,0
2,196,3,65.33333333333333,0
1,98,3,32.666666666666664,0
2,196,3,65.33333333333333,0
1,98,3,32.666666666666664,0
105,11104,4,2776.0,0
10,600,4,150.0,0
2,196,3,65.33333333333333,0
1,98,3,32.666666666666664,0
2,196,3,65.33333333333333,0
1,98,3,32.666666666666664,0
2,196,3,65.33333333333333,0
1,98,3,32.666666666666664,0
2,196,3,65.33333333333333,0
1,98,3,32.666666666666664,0
2,196,3,65.33333333333333,0
1,98,3,32.666666666666664,0
2,196,2,98.0,0
1,98,2,49.0,0
2,196,2,98.0,0
1,98,2,49.0,0
104,11048,4,2762.0,0
10,600,4,150.0,0
2,196,3,65.33333333333333,0
1,98,3,32.666666666666664,0
2,196,3,65.33333333333333,0
1,98,3,32.666666666666664,0
2,196,3,65.33333333333333,0
1,98,3,32.666666666666664,0
2,196,3,65.33333333333333,0
1,98,3,32.666666666666664,0
2,196,3,65.33333333333333,0
1,98,3,32.666666666666664,0
2,196,3,65.33333333333333,0
1,98,3,32.666666666666664,0
2,196,3,65.33333333333333,0
1,98,3,32.666666666666664,0
2,196,2,98.0,0
1,98,2,49.0,0
106,11188,4,2797.0,0
7,420,6,70.0,0
2,196,5,39.2,0
1,98,5,19.6,0
2,196,5,39.2,0
1,98,5,19.6,0
2,196,5,39.2,0
1,98,5,19.6,0
2,196,5,39.2,0
1,98,5,19.6,0
111,12052,6,2008.6666666666667,0
6,360,6,60.0,0
2,196,5,39.2,0
1,98,5,19.6,0
2,196,5,39.2,0
1,98,5,19.6,0
2,196,5,39.2,0
1,98,4,24.5,0
2,196,4,49.0,0
1,98,4,24.5,0
110,11736,6,1956.0,0
14,840,6,140.0,0
2,196,5,39.2,0
1,98,5,19.6,0
2,196,5,39.2,0
1,98,5,19.6,0
2,196,5,39.2,0
1,98,5,19.6,0
2,196,5,39.2,0
1,98,5,19.6,0
2,196,5,39.2,0
1,98,5,19.6,0
2,196,4,49.0,0
1,98,4,24.5,0
2,196,4,49.0,0
1,98,4,24.5,0
117,12366,6,2061.0,0
13,780,6,130.0,0
2,196,5,39.2,0
1,98,5,19.6,0
2,196,5,39.2,0
1,98,5,19.6,0
2,196,5,39.2,0
1,98,5,19.6,0
2,196,5,39.2,0
1,98,5,19.6,0
2,196,5,39.2,0
1,98,5,19.6,0
2,196,5,39.2,0
1,98,5,19.6,0
2,196,5,39.2,0
1,98,5,19.6,0
118,12422,6,2070.3333333333335,0
14,840,6,140.0,0
2,196,5,39.2,0
1,98,5,19.6,0
2,196,5,39.2,0
1,98,5,19.6,0
2,196,5,39.2,0
1,98,5,19.6,0
2,196,5,39.2,0
1,98,5,19.6,0
2,196,5,39.2,0
1,98,5,19.6,0
2,196,5,39.2,0
1,98,5,19.6,0
2,196,5,39.2,0
1,98,5,19.6,0
2,196,4,49.0,0
1,98,4,24.5,0
119,12506,6,2084.3333333333335,0
20,1200,8,150.0,0
3,238,7,34.0,0
2,140,7,20.0,0
3,238,7,34.0,0
2,140,7,20.0,0
3,238,7,34.0,0
2,140,7,20.0,0
3,238,7,34.0,0
2,140,7,20.0,0
3,238,7,34.0,0
2,140,7,20.0,0
3,238,6,39.666666666666664,0
2,140,6,23.333333333333332,0
3,238,6,39.666666666666664,0
2,140,6,23.333333333333332,0
121,12906,8,1613.25,0
17,1020,8,127.5,0
3,238,7,34.0,0
2,140,7,20.0,0
3,238,7,34.0,0
2,140,7,20.0,0
3,238,7,34.0,0
2,140,7,20.0,0
3,238,7,34.0,0
2,140,7,20.0,0
3,238,7,34.0,0
2,140,7,20.0,0
3,238,7,34.0,0
2,140,7,20.0,0
3,238,7,34.0,0
2,140,7,20.0,0
122,12962,8,1620.25,0
10,600,8,75.0,0
3,238,7,34.0,0
2,140,7,20.0,0
3,238,7,34.0,0
2,140,7,20.0,0
3,238,7,34.0,0
2,140,7,20.0,0
3,238,7,34.0,0
2,140,7,20.0,0
114,12392,8,1549.0,0
19,1140,8,142.5,0
3,238,7,34.0,0
2,140,7,20.0,0
3,238,7,34.0,0
2,140,7,20.0,0
3,238,7,34.0,0
2,140,7,20.0,0
3,238,7,34.0,0
2,140,7,20.0,0
3,238,7,34.0,0
2,140,7,20.0,0
3,238,7,34.0,0
2,140,7,20.0,0
3,238,7,34.0,0
2,140,7,20.0,0
3,238,6,39.666666666666664,0
2,140,6,23.333333333333332,0
123,13046,8,1630.75,0
8,480,8,60.0,0
3,238,7,34.0,0
2,140,7,20.0,0
3,238,7,34.0,0
2,140,7,20.0,0
3,238,7,34.0,0
2,140,6,23.333333333333332,0
3,238,6,39.666666666666664,0
2,140,6,23.333333333333332,0
116,12546,8,1568.25,0
24,1440,10,144.0,0
3,238,9,26.444444444444443,0
2,140,9,15.555555555555555,0
3,238,9,26.444444444444443,0
2,140,9,15.555555555555555,0
3,238,9,26.444444444444443,0
2,140,9,15.555555555555555,0
3,238,9,26.444444444444443,0
2,140,9,15.555555555555555,0
3,238,9,26.444444444444443,0
2,140,9,15.555555555555555,0
3,238,8,29.75,0
2,140,8,17.5,0
3,238,8,29.75,0
2,140,8,17.5,0
125,13334,10,1333.4,0
21,1260,10,126.0,0
3,238,9,26.444444444444443,0
2,140,9,15.555555555555555,0
3,238,9,26.444444444444443,0
2,140,9,15.555555555555555,0
3,238,9,26.444444444444443,0
2,140,9,15.555555555555555,0
3,238,9,26.444444444444443,0
2,140,9,15.555555555555555,0
3,238,9,26.444444444444443,0
2,140,9,15.555555555555555,0
3,238,9,26.444444444444443,0
2,140,9,15.555555555555555,0
3,238,9,26.444444444444443,0
2,140,9,15.555555555555555,0
126,13390,10,1339.0,0
12,720,10,72.0,0
3,238,9,26.444444444444443,0
2,140,9,15.555555555555555,0
3,238,9,26.444444444444443,0
2,140,9,15.555555555555555,0
3,238,9,26.444444444444443,0
2,140,9,15.555555555555555,0
3,238,9,26.444444444444443,0
2,140,9,15.555555555555555,0
118,12820,10,1282.0,0
10,600,10,60.0,0
3,238,9,26.444444444444443,0
2,140,9,15.555555555555555,0
3,238,9,26.444444444444443,0
2,140,9,15.555555555555555,0
3,238,9,26.444444444444443,0
2,140,8,17.5,0
3,238,8,29.75,0
2,140,8,17.5,0
120,12974,10,1297.4,0
23,1380,10,138.0,0
3,238,9,26.444444444444443,0
2,140,9,15.555555555555555,0
3,238,9,26.444444444444443,0
2,140,9,15.555555555555555,0
3,238,9,26.444444444444443,0
2,140,9,15.555555555555555,0
3,238,9,26.444444444444443,0
2,140,9,15.555555555555555,0
3,238,9,26.444444444444443,0
2,140,9,15.555555555555555,0
3,238,9,26.444444444444443,0
2,140,9,15.555555555555555,0
3,238,9,26.444444444444443,0
2,140,9,15.555555555555555,0
3,238,8,29.75,0
2,140,8,17.5,0
127,13474,10,1347.4,0
14,840,12,70.0,0
3,238,11,21.636363636363637,0
2,140,11,12.727272727272727,0
3,238,11,21.636363636363637,0
2,140,11,12.727272727272727,0
3,238,11,21.636363636363637,0
2,140,11,12.727272727272727,0
3,238,11,21.636363636363637,0
2,140,11,12.727272727272727,0
118,12820,12,1068.3333333333333,0
26,1560,12,130.0,0
3,238,11,21.636363636363637,0
2,140,11,12.727272727272727,0
3,238,11,21.636363636363637,0
2,140,11,12.727272727272727,0
3,238,11,21.636363636363637,0
2,140,11,12.727272727272727,0
3,238,11,21.636363636363637,0
2,140,11,12.727272727272727,0
3,238,11,21.636363636363637,0
2,140,11,12.727272727272727,0
3,238,11,21.636363636363637,0
2,140,11,12.727272727272727,0
3,238,11,21.636363636363637,0
2,140,11,12.727272727272727,0
126,13390,12,1115.8333333333333,0
28,1680,12,140.0,0
3,238,11,21.636363636363637,0
2,140,11,12.727272727272727,0
3,238,11,21.636363636363637,0
2,140,11,12.727272727272727,0
3,238,11,21.636363636363637,0
2,140,11,12.727272727272727,0
3,238,11,21.636363636363637,0
2,140,11,12.727272727272727,0
3,238,11,21.636363636363637,0
2,140,11,12.727272727272727,0
3,238,11,21.636363636363637,0
2,140,10,14.0,0
3,238,10,23.8,0
2,140,10,14.0,0
125,13334,12,1111.1666666666667,0
13,780,12,65.0,0
3,238,11,21.636363636363637,0
2,140,11,12.727272727272727,0
3,238,11,21.636363636363637,0
2,140,11,12.727272727272727,0
3,238,11,21.636363636363637,0
2,140,10,14.0,0
3,238,10,23.8,0
2,140,10,14.0,0
120,12974,12,1081.1666666666667,0
27,1620,12,135.0,0
3,238,11,21.636363636363637,0
2,140,11,12.727272727272727,0
3,238,11,21.636363636363637,0
2,140,11,12.727272727272727,0
3,238,11,21.636363636363637,0
2,140,11,12.727272727272727,0
3,238,11,21.636363636363637,0
2,140,11,12.727272727272727,0
3,238,11,21.636363636363637,0
2,140,11,12.727272727272727,0
3,238,11,21.636363636363637,0
2,140,11,12.727272727272727,0
3,238,11,21.636363636363637,0
2,140,11,12.727272727272727,0
3,238,10,23.8,0
2,140,10,14.0,0
127,13474,12,1122.8333333333333,0
16,960,14,68.57142857142857,0
3,238,13,18.307692307692307,0
2,140,13,10.76923076923077,0
3,238,13,18.307692307692307,0
2,140,13,10.76923076923077,0
3,238,13,18.307692307692307,0
2,140,13,10.76923076923077,0
3,238,13,18.307692307692307,0
2,140,13,10.76923076923077,0
124,13240,14,945.7142857142857,0
31,1860,14,132.85714285714286,0
3,238,13,18.307692307692307,0
2,140,13,10.76923076923077,0
3,238,13,18.307692307692307,0
2,140,13,10.76923076923077,0
3,238,13,18.307692307692307,0
2,140,13,10.76923076923077,0
3,238,13,18.307692307692307,0
2,140,13,10.76923076923077,0
3,238,13,18.307692307692307,0
2,140,13,10.76923076923077,0
3,238,13,18.307692307692307,0
2,140,13,10.76923076923077,0
3,238,13,18.307692307692307,0
2,140,13,10.76923076923077,0
131,13740,14,981.4285714285714,0
32,1920,14,137.14285714285714,0
3,238,13,18.307692307692307,0
2,140,13,10.76923076923077,0
3,238,13,18.307692307692307,0
2,140,13,10.76923076923077,0
3,238,13,18.307692307692307,0
2,140,13,10.76923076923077,0
3,238,13,18.307692307692307,0
2,140,13,10.76923076923077,0
3,238,13,18.307692307692307,0
2,140,13,10.76923076923077,0
3,238,13,18.307692307692307,0
2,140,12,11.666666666666666,0
3,238,12,19.833333333333332,0
2,140,12,11.666666666666666,0
130,13684,14,977.4285714285714,0
15,900,14,64.28571428571429,0
3,238,13,18.307692307692307,0
2,140,13,10.76923076923077,0
3,238,13,18.307692307692307,0
2,140,13,10.76923076923077,0
3,238,13,18.307692307692307,0
2,140,12,11.666666666666666,0
3,238,12,19.833333333333332,0
2,140,12,11.666666666666666,0
125,13324,14,951.7142857142857,0
32,1920,14,137.14285714285714,0
3,238,13,18.307692307692307,0
2,140,13,10.76923076923077,0
3,238,13,18.307692307692307,0
2,140,13,10.76923076923077,0
3,238,13,18.307692307692307,0
2,140,13,10.76923076923077,0
3,238,13,18.307692307692307,0
2,140,13,10.76923076923077,0
3,238,13,18.307692307692307,0
2,140,13,10.76923076923077,0
3,238,13,18.307692307692307,0
2,140,13,10.76923076923077,0
3,238,13,18.307692307692307,0
2,140,13,10.76923076923077,0
3,238,13,18.307692307692307,0
2,140,12,11.666666666666666,0
132,13824,14,987.4285714285714,0
36,2160,16,135.0,0
3,238,15,15.866666666666667,0
2,140,15,9.333333333333334,0
3,238,15,15.866666666666667,0
2,140,15,9.333333333333334,0
3,238,15,15.866666666666667,0
2,140,15,9.333333333333334,0
3,238,15,15.866666666666667,0
2,140,15,9.333333333333334,0
3,238,15,15.866666666666667,0
2,140,15,9.333333333333334,0
3,238,15,15.866666666666667,0
2,140,15,9.333333333333334,0
3,238,15,15.866666666666667,0
2,140,15,9.333333333333334,0
3,238,15,15.866666666666667,0
2,140,14,10.0,0
136,14104,16,881.5,0
36,2160,16,135.0,0
3,238,15,15.866666666666667,0
2,140,15,9.333333333333334,0
3,238,15,15.866666666666667,0
2,140,15,9.333333333333334,0
3,238,15,15.866666666666667,0
2,140,15,9.333333333333334,0
3,238,15,15.866666666666667,0
2,140,15,9.333333333333334,0
3,238,15,15.866666666666667,0
2,140,15,9.333333333333334,0
3,238,15,15.866666666666667,0
2,140,14,10.0,0
3,238,14,17.0,0
2,140,14,10.0,0
134,13964,16,872.75,0
19,1140,16,71.25,0
3,238,15,15.866666666666667,0
2,140,15,9.333333333333334,0
3,238,15,15.866666666666667,0
2,140,15,9.333333333333334,0
3,238,15,15.866666666666667,0
2,140,15,9.333333333333334,0
3,238,15,15.866666666666667,0
2,140,15,9.333333333333334,0
127,13450,16,840.625,0
35,2100,16,131.25,0
3,238,15,15.866666666666667,0
2,140,15,9.333333333333334,0
3,238,15,15.866666666666667,0
2,140,15,9.333333333333334,0
3,238,15,15.866666666666667,0
2,140,15,9.333333333333334,0
3,238,15,15.866666666666667,0
2,140,15,9.333333333333334,0
3,238,15,15.866666666666667,0
2,140,15,9.333333333333334,0
3,238,15,15.866666666666667,0
2,140,15,9.333333333333334,0
3,238,15,15.866666666666667,0
2,140,15,9.333333333333334,0
135,14020,16,876.25,0
17,1020,16,63.75,0
3,238,15,15.866666666666667,0
2,140,15,9.333333333333334,0
3,238,15,15.866666666666667,0
2,140,15,9.333333333333334,0
3,238,15,15.866666666666667,0
2,140,14,10.0,0
3,238,14,17.0,0
2,140,14,10.0,0
129,13604,16,850.25,0
42,2520,18,140.0,0
3,238,17,14.0,0
2,140,17,8.235294117647058,0
3,238,17,14.0,0
2,140,17,8.235294117647058,0
3,238,17,14.0,0
2,140,17,8.235294117647058,0
3,238,17,14.0,0
2,140,17,8.235294117647058,0
3,238,17,14.0,0
2,140,17,8.235294117647058,0
3,238,17,14.0,0
2,140,16,8.75,0
3,238,16,14.875,0
2,140,16,8.75,0
138,14392,18,799.5555555555555,0
41,2460,18,136.66666666666666,0
3,238,17,14.0,0
2,140,17,8.235294117647058,0
3,238,17,14.0,0
2,140,17,8.235294117647058,0
3,238,17,14.0,0
2,140,17,8.235294117647058,0
3,238,17,14.0,0
2,140,17,8.235294117647058,0
3,238,17,14.0,0
2,140,17,8.235294117647058,0
3,238,17,14.0,0
2,140,17,8.235294117647058,0
3,238,17,14.0,0
2,140,17,8.235294117647058,0
3,238,17,14.0,0
2,140,17,8.235294117647058,0
140,14532,18,807.3333333333334,0
21,1260,18,70.0,0
3,238,17,14.0,0
2,140,17,8.235294117647058,0
3,238,17,14.0,0
2,140,17,8.235294117647058,0
3,238,17,14.0,0
2,140,17,8.235294117647058,0
3,238,17,14.0,0
2,140,17,8.235294117647058,0
131,13878,18,771.0,0
39,2340,18,130.0,0
3,238,17,14.0,0
2,140,17,8.235294117647058,0
3,238,17,14.0,0
2,140,17,8.235294117647058,0
3,238,17,14.0,0
2,140,17,8.235294117647058,0
3,238,17,14.0,0
2,140,17,8.235294117647058,0
3,238,17,14.0,0
2,140,17,8.235294117647058,0
3,238,17,14.0,0
2,140,17,8.235294117647058,0
3,238,17,14.0,0
2,140,17,8.235294117647058,0
139,14448,18,802.6666666666666,0
19,1140,18,63.333333333333336,0
3,238,17,14.0,0
2,140,17,8.235294117647058,0
3,238,17,14.0,0
2,140,17,8.235294117647058,0
3,238,17,14.0,0
2,140,16,8.75,0
3,238,16,14.875,0
2,140,16,8.75,0
133,14032,18,779.5555555555555,0
46,2760,20,138.0,0
3,238,19,12.526315789473685,0
2,140,19,7.368421052631579,0
3,238,19,12.526315789473685,0
2,140,19,7.368421052631579,0
3,238,19,12.526315789473685,0
2,140,19,7.368421052631579,0
3,238,19,12.526315789473685,0
2,140,19,7.368421052631579,0
3,238,19,12.526315789473685,0
2,140,19,7.368421052631579,0
3,238,19,12.526315789473685,0
2,140,18,7.777777777777778,0
3,238,18,13.222222222222221,0
2,140,18,7.777777777777778,0
138,14392,20,719.6,0
45,2700,20,135.0,0
3,238,19,12.526315789473685,0
2,140,19,7.368421052631579,0
3,238,19,12.526315789473685,0
2,140,19,7.368421052631579,0
3,238,19,12.526315789473685,0
2,140,19,7.368421052631579,0
3,238,19,12.526315789473685,0
2,140,19,7.368421052631579,0
3,238,19,12.526315789473685,0
2,140,19,7.368421052631579,0
3,238,19,12.526315789473685,0
2,140,19,7.368421052631579,0
3,238,19,12.526315789473685,0
2,140,19,7.368421052631579,0
3,238,19,12.526315789473685,0
2,140,19,7.368421052631579,0
140,14532,20,726.6,0
23,1380,20,69.0,0
73600,4857676,19,255667.15789473685,0
113651,5001409402,19,263232073.78947368,0
3,238,19,12.526315789473685,0
2,140,19,7.368421052631579,0
3,238,19,12.526315789473685,0
2,140,19,7.368421052631579,0
3,238,19,12.526315789473685,0
2,140,19,7.368421052631579,0
131,13878,20,693.9,0
44,2640,20,132.0,0
73600,4857676,19,255667.15789473685,0
113650,5001344176,19,263228640.84210527,0
3,238,19,12.526315789473685,0
2,140,19,7.368421052631579,0
3,238,19,12.526315789473685,0
2,140,19,7.368421052631579,0
3,238,19,12.526315789473685,0
2,140,19,7.368421052631579,0
3,238,19,12.526315789473685,0
2,140,19,7.368421052631579,0
3,238,19,12.526315789473685,0
2,140,19,7.368421052631579,0
3,238,19,12.526315789473685,0
2,140,19,7.368421052631579,0
139,14448,20,722.4,0
21,1260,20,63.0,0
3,238,19,12.526315789473685,0
2,140,19,7.368421052631579,0
3,238,19,12.526315789473685,0
2,140,19,7.368421052631579,0
3,238,19,12.526315789473685,0
2,140,18,7.777777777777778,0
3,238,18,13.222222222222221,0
2,140,18,7.777777777777778,0
133,14032,20,701.6,0
50,3000,22,136.36363636363637,0
3,238,21,11.333333333333334,0
2,140,21,6.666666666666667,0
3,238,21,11.333333333333334,0
2,140,21,6.666666666666667,0
3,238,21,11.333333333333334,0
2,140,21,6.666666666666667,0
3,238,21,11.333333333333334,0
2,140,21,6.666666666666667,0
3,238,21,11.333333333333334,0
2,140,21,6.666666666666667,0
3,238,21,11.333333333333334,0
2,140,21,6.666666666666667,0
3,238,20,11.9,0
2,140,20,7.0,0
138,14392,22,654.1818181818181,0
25,1500,22,68.18181818181819,0
185623,12251218,21,583391.3333333334,0
289402,12736622800,21,606505847.6190476,0
3,238,21,11.333333333333334,0
2,140,21,6.666666666666667,0
3,238,21,11.333333333333334,0
2,140,21,6.666666666666667,0
3,238,21,11.333333333333334,0
2,140,21,6.666666666666667,0
131,13878,22,630.8181818181819,0
24,1440,22,65.45454545454545,0
3,238,21,11.333333333333334,0
2,140,21,6.666666666666667,0
3,238,21,11.333333333333334,0
2,140,21,6.666666666666667,0
3,238,21,11.333333333333334,0
2,140,20,7.0,0
3,238,20,11.9,0
2,140,20,7.0,0
133,14032,22,637.8181818181819,0
50,3000,22,136.36363636363637,0
3,238,21,11.333333333333334,0
2,140,21,6.666666666666667,0
3,238,21,11.333333333333334,0
2,140,21,6.666666666666667,0
3,238,21,11.333333333333334,0
2,140,21,6.666666666666667,0
3,238,21,11.333333333333334,0
2,140,21,6.666666666666667,0
3,238,21,11.333333333333334,0
2,140,21,6.666666666666667,0
3,238,21,11.333333333333334,0
2,140,21,6.666666666666667,0
3,238,21,11.333333333333334,0
2,140,21,6.666666666666667,0
3,238,21,11.333333333333334,0
2,140,21,6.666666666666667,0
140,14532,22,660.5454545454545,0
48,2880,22,130.9090909090909,0
185624,12251284,21,583394.4761904762,0
289401,12736557574,21,606502741.6190476,0
3,238,21,11.333333333333334,0
2,140,21,6.666666666666667,0
3,238,21,11.333333333333334,0
2,140,21,6.666666666666667,0
3,238,21,11.333333333333334,0
2,140,21,6.666666666666667,0
3,238,21,11.333333333333334,0
2,140,21,6.666666666666667,0
3,238,21,11.333333333333334,0
2,140,21,6.666666666666667,0
3,238,21,11.333333333333334,0
2,140,21,6.666666666666667,0
139,14448,22,656.7272727272727,0
54,3240,24,135.0,0
3,238,23,10.347826086956522,0
2,140,23,6.086956521739131,0
3,238,23,10.347826086956522,0
2,140,23,6.086956521739131,0
3,238,23,10.347826086956522,0
2,140,23,6.086956521739131,0
3,238,23,10.347826086956522,0
2,140,23,6.086956521739131,0
3,238,23,10.347826086956522,0
2,140,23,6.086956521739131,0
3,238,23,10.347826086956522,0
2,140,23,6.086956521739131,0
3,238,22,10.818181818181818,0
2,140,22,6.363636363636363,0
138,14392,24,599.6666666666666,0
54,3240,24,135.0,0
3,238,23,10.347826086956522,0
2,140,23,6.086956521739131,0
3,238,23,10.347826086956522,0
2,140,23,6.086956521739131,0
3,238,23,10.347826086956522,0
2,140,23,6.086956521739131,0
3,238,23,10.347826086956522,0
2,140,23,6.086956521739131,0
3,238,23,10.347826086956522,0
2,140,23,6.086956521739131,0
3,238,23,10.347826086956522,0
2,140,23,6.086956521739131,0
3,238,23,10.347826086956522,0
2,140,23,6.086956521739131,0
3,238,23,10.347826086956522,0
2,140,23,6.086956521739131,0
140,14532,24,605.5,0
27,1620,24,67.5,0
299047,19737202,23,858139.2173913043,0
467198,20562083544,23,894003632.3478261,0
3,238,23,10.347826086956522,0
2,140,23,6.086956521739131,0
3,238,23,10.347826086956522,0
2,140,23,6.086956521739131,0
3,238,23,10.347826086956522,0
2,140,23,6.086956521739131,0
131,13878,24,578.25,0
26,1560,24,65.0,0
3,238,23,10.347826086956522,0
2,140,23,6.086956521739131,0
3,238,23,10.347826086956522,0
2,140,23,6.086956521739131,0
3,238,23,10.347826086956522,0
2,140,22,6.363636363636363,0
3,238,22,10.818181818181818,0
2,140,22,6.363636363636363,0
133,14032,24,584.6666666666666,0
53,3180,24,132.5,0
299047,19737202,23,858139.2173913043,0
467198,20562083544,23,894003632.3478261,0
3,238,23,10.347826086956522,0
2,140,23,6.086956521739131,0
3,238,23,10.347826086956522,0
2,140,23,6.086956521739131,0
3,238,23,10.347826086956522,0
2,140,23,6.086956521739131,0
3,238,23,10.347826086956522,0
2,140,23,6.086956521739131,0
3,238,23,10.347826086956522,0
2,140,23,6.086956521739131,0
3,238,23,10.347826086956522,0
2,140,23,6.086956521739131,0
139,14448,24,602.0,0
30,1800,26,69.23076923076923,0
416880,27514180,25,1100567.2,0
650196,28600617476,25,1144024699.04,0
3,238,25,9.52,0
2,140,25,5.6,0
3,238,25,9.52,0
2,140,25,5.6,0
3,238,25,9.52,0
2,140,25,5.6,0
131,13878,26,533.7692307692307,0
57,3420,26,131.53846153846155,0
416880,27514180,25,1100567.2,0
650196,28600617476,25,1144024699.04,0
3,238,25,9.52,0
2,140,25,5.6,0
3,238,25,9.52,0
2,140,25,5.6,0
3,238,25,9.52,0
2,140,25,5.6,0
3,238,25,9.52,0
2,140,25,5.6,0
3,238,25,9.52,0
2,140,25,5.6,0
3,238,25,9.52,0
2,140,25,5.6,0
139,14448,26,555.6923076923077,0
28,1680,26,64.61538461538461,0
3,238,25,9.52,0
2,140,25,5.6,0
3,238,25,9.52,0
2,140,25,5.6,0
3,238,25,9.52,0
2,140,24,5.833333333333333,0
3,238,24,9.916666666666666,0
2,140,24,5.833333333333333,0
133,14032,26,539.6923076923077,0
60,3600,26,138.46153846153845,0
3,238,25,9.52,0
2,140,25,5.6,0
3,238,25,9.52,0
2,140,25,5.6,0
3,238,25,9.52,0
2,140,25,5.6,0
3,238,25,9.52,0
2,140,25,5.6,0
3,238,25,9.52,0
2,140,25,5.6,0
3,238,25,9.52,0
2,140,25,5.6,0
3,238,24,9.916666666666666,0
2,140,24,5.833333333333333,0
138,14392,26,553.5384615384615,0
58,3480,26,133.84615384615384,0
3,238,25,9.52,0
2,140,25,5.6,0
3,238,25,9.52,0
2,140,25,5.6,0
3,238,25,9.52,0
2,140,25,5.6,0
3,238,25,9.52,0
2,140,25,5.6,0
3,238,25,9.52,0
2,140,25,5.6,0
3,238,25,9.52,0
2,140,25,5.6,0
3,238,25,9.52,0
2,140,25,5.6,0
3,238,25,9.52,0
2,140,25,5.6,0
140,14532,26,558.9230769230769,0
30,1800,28,64.28571428571429,0
3,238,27,8.814814814814815,0
2,140,27,5.185185185185185,0
3,238,27,8.814814814814815,0
2,140,27,5.185185185185185,0
3,238,27,8.814814814814815,0
2,140,26,5.384615384615385,0
3,238,26,9.153846153846153,0
2,140,26,5.384615384615385,0
135,14172,28,506.14285714285717,0
64,3840,28,137.14285714285714,0
3,238,27,8.814814814814815,0
2,140,27,5.185185185185185,0
3,238,27,8.814814814814815,0
2,140,27,5.185185185185185,0
3,238,27,8.814814814814815,0
2,140,27,5.185185185185185,0
3,238,27,8.814814814814815,0
2,140,27,5.185185185185185,0
3,238,27,8.814814814814815,0
2,140,27,5.185185185185185,0
3,238,27,8.814814814814815,0
2,140,27,5.185185185185185,0
3,238,26,9.153846153846153,0
2,140,26,5.384615384615385,0
140,14532,28,519.0,0
32,1920,28,68.57142857142857,0
541646,35748736,27,1324027.2592592593,0
843238,37076218912,27,1373193293.0370371,0
3,238,27,8.814814814814815,0
2,140,27,5.185185185185185,0
3,238,27,8.814814814814815,0
2,140,27,5.185185185185185,0
3,238,27,8.814814814814815,0
2,140,27,5.185185185185185,0
133,14018,28,500.64285714285717,0
61,3660,28,130.71428571428572,0
541646,35748736,27,1324027.2592592593,0
843238,37076218912,27,1373193293.0370371,0
3,238,27,8.814814814814815,0
2,140,27,5.185185185185185,0
3,238,27,8.814814814814815,0
2,140,27,5.185185185185185,0
3,238,27,8.814814814814815,0
2,140,27,5.185185185185185,0
3,238,27,8.814814814814815,0
2,140,27,5.185185185185185,0
3,238,27,8.814814814814815,0
2,140,27,5.185185185185185,0
3,238,27,8.814814814814815,0
2,140,27,5.185185185185185,0
140,14518,28,518.5,0
63,3780,28,135.0,0
3,238,27,8.814814814814815,0
2,140,27,5.185185185185185,0
3,238,27,8.814814814814815,0
2,140,27,5.185185185185185,0
3,238,27,8.814814814814815,0
2,140,27,5.185185185185185,0
3,238,27,8.814814814814815,0
2,140,27,5.185185185185185,0
3,238,27,8.814814814814815,0
2,140,27,5.185185185185185,0
3,238,27,8.814814814814815,0
2,140,27,5.185185185185185,0
3,238,27,8.814814814814815,0
2,140,27,5.185185185185185,0
3,238,27,8.814814814814815,0
2,140,27,5.185185185185185,0
142,14672,28,524.0,0
68,4080,30,136.0,0
3,238,29,8.206896551724139,0
2,140,29,4.827586206896552,0
3,238,29,8.206896551724139,0
2,140,29,4.827586206896552,0
3,238,29,8.206896551724139,0
2,140,29,4.827586206896552,0
3,238,29,8.206896551724139,0
2,140,29,4.827586206896552,0
3,238,29,8.206896551724139,0
2,140,29,4.827586206896552,0
3,238,29,8.206896551724139,0
2,140,29,4.827586206896552,0
3,238,28,8.5,0
2,140,28,5.0,0
144,14812,30,493.73333333333335,0
33,1980,30,66.0,0
3,238,29,8.206896551724139,0
2,140,29,4.827586206896552,0
3,238,29,8.206896551724139,0
2,140,29,4.827586206896552,0
3,238,29,8.206896551724139,0
2,140,29,4.827586206896552,0
3,238,28,8.5,0
2,140,28,5.0,0
139,14452,30,481.73333333333335,0
67,4020,30,134.0,0
3,238,29,8.206896551724139,0
2,140,29,4.827586206896552,0
3,238,29,8.206896551724139,0
2,140,29,4.827586206896552,0
3,238,29,8.206896551724139,0
2,140,29,4.827586206896552,0
3,238,29,8.206896551724139,0
2,140,29,4.827586206896552,0
3,238,29,8.206896551724139,0
2,140,29,4.827586206896552,0
3,238,29,8.206896551724139,0
2,140,29,4.827586206896552,0
3,238,29,8.206896551724139,0
2,140,29,4.827586206896552,0
3,238,29,8.206896551724139,0
2,140,29,4.827586206896552,0
146,14952,30,498.4,0
34,2040,30,68.0,0
661886,43684576,29,1506364.6896551724,0
1030905,45328708358,29,1563058908.8965516,0
3,238,29,8.206896551724139,0
2,140,29,4.827586206896552,0
3,238,29,8.206896551724139,0
2,140,29,4.827586206896552,0
3,238,29,8.206896551724139,0
2,140,29,4.827586206896552,0
138,14368,30,478.93333333333334,0
66,3960,30,132.0,0
661886,43684576,29,1506364.6896551724,0
1030904,45328643132,29,1563056659.724138,0
3,238,29,8.206896551724139,0
2,140,29,4.827586206896552,0
3,238,29,8.206896551724139,0
2,140,29,4.827586206896552,0
3,238,29,8.206896551724139,0
2,140,29,4.827586206896552,0
3,238,29,8.206896551724139,0
2,140,29,4.827586206896552,0
3,238,29,8.206896551724139,0
2,140,29,4.827586206896552,0
3,238,29,8.206896551724139,0
2,140,29,4.827586206896552,0
145,14868,30,495.6,0
72,4320,32,135.0,0
3,238,31,7.67741935483871,0
2,140,31,4.516129032258065,0
3,238,31,7.67741935483871,0
2,140,31,4.516129032258065,0
3,238,31,7.67741935483871,0
2,140,31,4.516129032258065,0
3,238,31,7.67741935483871,0
2,140,31,4.516129032258065,0
3,238,31,7.67741935483871,0
2,140,31,4.516129032258065,0
3,238,31,7.67741935483871,0
2,140,31,4.516129032258065,0
3,238,30,7.933333333333334,0
2,140,30,4.666666666666667,0
147,15096,32,471.75,0
71,4260,32,133.125,0
789629,52115614,31,1681148.8387096773,0
1225039,53833151794,31,1736553283.6774194,0
3,238,31,7.67741935483871,0
2,140,31,4.516129032258065,0
3,238,31,7.67741935483871,0
2,140,31,4.516129032258065,0
3,238,31,7.67741935483871,0
2,140,31,4.516129032258065,0
3,238,31,7.67741935483871,0
2,140,31,4.516129032258065,0
3,238,31,7.67741935483871,0
2,140,31,4.516129032258065,0
3,238,31,7.67741935483871,0
2,140,31,4.516129032258065,0
147,15045,32,470.15625,0
36,2160,32,67.5,0
789628,52115548,31,1681146.7096774194,0
1225040,53833217020,31,1736555387.7419355,0
3,238,31,7.67741935483871,0
2,140,31,4.516129032258065,0
3,238,31,7.67741935483871,0
2,140,31,4.516129032258065,0
3,238,31,7.67741935483871,0
2,140,31,4.516129032258065,0
141,14652,32,457.875,0
35,2100,32,65.625,0
3,238,31,7.67741935483871,0
2,140,31,4.516129032258065,0
3,238,31,7.67741935483871,0
2,140,31,4.516129032258065,0
3,238,31,7.67741935483871,0
2,140,31,4.516129032258065,0
3,238,30,7.933333333333334,0
2,140,30,4.666666666666667,0
142,14699,32,459.34375,0
72,4320,32,135.0,0
3,238,31,7.67741935483871,0
2,140,31,4.516129032258065,0
3,238,31,7.67741935483871,0
2,140,31,4.516129032258065,0
3,238,31,7.67741935483871,0
2,140,31,4.516129032258065,0
3,238,31,7.67741935483871,0
2,140,31,4.516129032258065,0
3,238,31,7.67741935483871,0
2,140,31,4.516129032258065,0
3,238,31,7.67741935483871,0
2,140,31,4.516129032258065,0
3,238,31,7.67741935483871,0
2,140,31,4.516129032258065,0
3,238,31,7.67741935483871,0
2,140,31,4.516129032258065,0
149,15236,32,476.125,0
76,4560,34,134.11764705882354,0
3,238,33,7.212121212121212,0
2,140,33,4.242424242424242,0
3,238,33,7.212121212121212,0
2,140,33,4.242424242424242,0
3,238,33,7.212121212121212,0
2,140,33,4.242424242424242,0
3,238,33,7.212121212121212,0
2,140,33,4.242424242424242,0
3,238,33,7.212121212121212,0
2,140,33,4.242424242424242,0
3,238,33,7.212121212121212,0
2,140,33,4.242424242424242,0
3,238,32,7.4375,0
2,140,32,4.375,0
151,15450,34,454.4117647058824,0
39,2340,34,68.82352941176471,0
922040,60854740,33,1844083.0303030303,0
1426812,62673053524,33,1899183440.121212,0
3,238,33,7.212121212121212,0
2,140,33,4.242424242424242,0
3,238,33,7.212121212121212,0
2,140,33,4.242424242424242,0
3,238,33,7.212121212121212,0
2,140,33,4.242424242424242,0
144,14936,34,439.29411764705884,0
37,2220,34,65.29411764705883,0
3,238,33,7.212121212121212,0
2,140,33,4.242424242424242,0
3,238,33,7.212121212121212,0
2,140,33,4.242424242424242,0
3,238,33,7.212121212121212,0
2,140,33,4.242424242424242,0
3,238,32,7.4375,0
2,140,32,4.375,0
146,15090,34,443.8235294117647,0
75,4500,34,132.35294117647058,0
922040,60854740,33,1844083.0303030303,0
1426811,62672988298,33,1899181463.5757575,0
3,238,33,7.212121212121212,0
2,140,33,4.242424242424242,0
3,238,33,7.212121212121212,0
2,140,33,4.242424242424242,0
3,238,33,7.212121212121212,0
2,140,33,4.242424242424242,0
3,238,33,7.212121212121212,0
2,140,33,4.242424242424242,0
3,238,33,7.212121212121212,0
2,140,33,4.242424242424242,0
3,238,33,7.212121212121212,0
2,140,33,4.242424242424242,0
152,15506,34,456.05882352941177,0
76,4560,34,134.11764705882354,0
3,238,33,7.212121212121212,0
2,140,33,4.242424242424242,0
3,238,33,7.212121212121212,0
2,140,33,4.242424242424242,0
3,238,33,7.212121212121212,0
2,140,33,4.242424242424242,0
3,238,33,7.212121212121212,0
2,140,33,4.242424242424242,0
3,238,33,7.212121212121212,0
2,140,33,4.242424242424242,0
3,238,33,7.212121212121212,0
2,140,33,4.242424242424242,0
3,238,33,7.212121212121212,0
2,140,33,4.242424242424242,0
3,238,33,7.212121212121212,0
2,140,33,4.242424242424242,0
153,15590,34,458.52941176470586,0
82,4920,36,136.66666666666666,0
3,238,35,6.8,0
2,140,35,4.0,0
3,238,35,6.8,0
2,140,35,4.0,0
3,238,35,6.8,0
2,140,35,4.0,0
3,238,35,6.8,0
2,140,35,4.0,0
3,238,35,6.8,0
2,140,35,4.0,0
3,238,35,6.8,0
2,140,35,4.0,0
3,238,34,7.0,0
2,140,34,4.117647058823529,0
151,15450,36,429.1666666666667,0
81,4860,36,135.0,0
3,238,35,6.8,0
2,140,35,4.0,0
3,238,35,6.8,0
2,140,35,4.0,0
3,238,35,6.8,0
2,140,35,4.0,0
3,238,35,6.8,0
2,140,35,4.0,0
3,238,35,6.8,0
2,140,35,4.0,0
3,238,35,6.8,0
2,140,35,4.0,0
3,238,35,6.8,0
2,140,35,4.0,0
3,238,35,6.8,0
2,140,35,4.0,0
153,15590,36,433.05555555555554,0
41,2460,36,68.33333333333333,0
1054780,69615580,35,1989016.5714285714,0
1627393,71455140494,35,2041575442.6857142,0
3,238,35,6.8,0
2,140,35,4.0,0
3,238,35,6.8,0
2,140,35,4.0,0
3,238,35,6.8,0
2,140,35,4.0,0
144,14936,36,414.8888888888889,0
39,2340,36,65.0,0
3,238,35,6.8,0
2,140,35,4.0,0
3,238,35,6.8,0
2,140,35,4.0,0
3,238,35,6.8,0
2,140,35,4.0,0
3,238,34,7.0,0
2,140,34,4.117647058823529,0
146,15090,36,419.1666666666667,0
79,4740,36,131.66666666666666,0
1054780,69615580,35,1989016.5714285714,0
1627393,71455140494,35,2041575442.6857142,0
3,238,35,6.8,0
2,140,35,4.0,0
3,238,35,6.8,0
2,140,35,4.0,0
3,238,35,6.8,0
2,140,35,4.0,0
3,238,35,6.8,0
2,140,35,4.0,0
3,238,35,6.8,0
2,140,35,4.0,0
3,238,35,6.8,0
2,140,35,4.0,0
152,15506,36,430.72222222222223,0
86,5160,38,135.78947368421052,0
3,238,37,6.4324324324324325,0
2,140,37,3.7837837837837838,0
3,238,37,6.4324324324324325,0
2,140,37,3.7837837837837838,0
3,238,37,6.4324324324324325,0
2,140,37,3.7837837837837838,0
3,238,37,6.4324324324324325,0
2,140,37,3.7837837837837838,0
3,238,37,6.4324324324324325,0
2,140,37,3.7837837837837838,0
3,238,37,6.4324324324324325,0
2,140,37,3.7837837837837838,0
3,238,36,6.611111111111111,0
2,140,36,3.888888888888889,0
151,15450,38,406.57894736842104,0
41,2460,38,64.73684210526316,0
3,238,37,6.4324324324324325,0
2,140,37,3.7837837837837838,0
3,238,37,6.4324324324324325,0
2,140,37,3.7837837837837838,0
3,238,37,6.4324324324324325,0
2,140,37,3.7837837837837838,0
3,238,36,6.611111111111111,0
2,140,36,3.888888888888889,0
146,15090,38,397.10526315789474,0
85,5100,38,134.21052631578948,0
3,238,37,6.4324324324324325,0
2,140,37,3.7837837837837838,0
3,238,37,6.4324324324324325,0
2,140,37,3.7837837837837838,0
3,238,37,6.4324324324324325,0
2,140,37,3.7837837837837838,0
3,238,37,6.4324324324324325,0
2,140,37,3.7837837837837838,0
3,238,37,6.4324324324324325,0
2,140,37,3.7837837837837838,0
3,238,37,6.4324324324324325,0
2,140,37,3.7837837837837838,0
3,238,37,6.4324324324324325,0
2,140,37,3.7837837837837838,0
3,238,37,6.4324324324324325,0
2,140,37,3.7837837837837838,0
153,15590,38,410.2631578947368,0
84,5040,38,132.6315789473684,0
1187489,78374374,37,2118226.3243243243,0
1827558,80218062632,37,2168055746.810811,0
3,238,37,6.4324324324324325,0
2,140,37,3.7837837837837838,0
3,238,37,6.4324324324324325,0
2,140,37,3.7837837837837838,0
3,238,37,6.4324324324324325,0
2,140,37,3.7837837837837838,0
3,238,37,6.4324324324324325,0
2,140,37,3.7837837837837838,0
3,238,37,6.4324324324324325,0
2,140,37,3.7837837837837838,0
3,238,37,6.4324324324324325,0
2,140,37,3.7837837837837838,0
152,15506,38,408.05263157894734,0
43,2580,38,67.89473684210526,0
1187489,78374374,37,2118226.3243243243,0
1827558,80218062632,37,2168055746.810811,0
3,238,37,6.4324324324324325,0
2,140,37,3.7837837837837838,0
3,238,37,6.4324324324324325,0
2,140,37,3.7837837837837838,0
3,238,37,6.4324324324324325,0
2,140,37,3.7837837837837838,0
144,14936,38,393.05263157894734,0
45,2700,40,67.5,0
1233559,81414994,39,2087563.9487179487,0
1897710,83292136872,39,2135695817.2307692,0
3,238,39,6.102564102564102,0
2,140,39,3.58974358974359,0
3,238,39,6.102564102564102,0
2,140,39,3.58974358974359,0
3,238,39,6.102564102564102,0
2,140,39,3.58974358974359,0
144,14936,40,373.4,0
90,5400,40,135.0,0
3,238,39,6.102564102564102,0
2,140,39,3.58974358974359,0
3,238,39,6.102564102564102,0
2,140,39,3.58974358974359,0
3,238,39,6.102564102564102,0
2,140,39,3.58974358974359,0
3,238,39,6.102564102564102,0
2,140,39,3.58974358974359,0
3,238,39,6.102564102564102,0
2,140,39,3.58974358974359,0
3,238,39,6.102564102564102,0
2,140,39,3.58974358974359,0
3,238,38,6.2631578947368425,0
2,140,38,3.6842105263157894,0
151,15450,40,386.25,0
90,5400,40,135.0,0
3,238,39,6.102564102564102,0
2,140,39,3.58974358974359,0
3,238,39,6.102564102564102,0
2,140,39,3.58974358974359,0
3,238,39,6.102564102564102,0
2,140,39,3.58974358974359,0
3,238,39,6.102564102564102,0
2,140,39,3.58974358974359,0
3,238,39,6.102564102564102,0
2,140,39,3.58974358974359,0
3,238,39,6.102564102564102,0
2,140,39,3.58974358974359,0
3,238,39,6.102564102564102,0
2,140,39,3.58974358974359,0
3,238,39,6.102564102564102,0
2,140,39,3.58974358974359,0
153,15590,40,389.75,0
44,2640,40,66.0,0
3,238,39,6.102564102564102,0
2,140,39,3.58974358974359,0
3,238,39,6.102564102564102,0
2,140,39,3.58974358974359,0
3,238,39,6.102564102564102,0
2,140,39,3.58974358974359,0
3,238,38,6.2631578947368425,0
2,140,38,3.6842105263157894,0
146,15090,40,377.25,0
88,5280,40,132.0,0
1233559,81414994,39,2087563.9487179487,0
1897710,83292136872,39,2135695817.2307692,0
3,238,39,6.102564102564102,0
2,140,39,3.58974358974359,0
3,238,39,6.102564102564102,0
2,140,39,3.58974358974359,0
3,238,39,6.102564102564102,0
2,140,39,3.58974358974359,0
3,238,39,6.102564102564102,0
2,140,39,3.58974358974359,0
3,238,39,6.102564102564102,0
2,140,39,3.58974358974359,0
3,238,39,6.102564102564102,0
2,140,39,3.58974358974359,0
152,15506,40,387.65,0
47,2820,42,67.14285714285714,0
1233560,81415092,41,1985733.9512195121,0
1897711,83292136970,41,2031515535.8536584,0
3,238,41,5.804878048780488,0
2,140,41,3.4146341463414633,0
3,238,41,5.804878048780488,0
2,140,41,3.4146341463414633,0
3,238,41,5.804878048780488,0
2,140,41,3.4146341463414633,0
144,14936,42,355.6190476190476,0
93,5580,42,132.85714285714286,0
1233560,81415092,41,1985733.9512195121,0
1897711,83292136970,41,2031515535.8536584,0
3,238,41,5.804878048780488,0
2,140,41,3.4146341463414633,0
3,238,41,5.804878048780488,0
2,140,41,3.4146341463414633,0
3,238,41,5.804878048780488,0
2,140,41,3.4146341463414633,0
3,238,41,5.804878048780488,0
2,140,41,3.4146341463414633,0
3,238,41,5.804878048780488,0
2,140,41,3.4146341463414633,0
3,238,41,5.804878048780488,0
2,140,41,3.4146341463414633,0
152,15506,42,369.1904761904762,0
46,2760,42,65.71428571428571,0
3,238,41,5.804878048780488,0
2,140,41,3.4146341463414633,0
3,238,41,5.804878048780488,0
2,140,41,3.4146341463414633,0
3,238,41,5.804878048780488,0
2,140,41,3.4146341463414633,0
3,238,40,5.95,0
2,140,40,3.5,0
146,15090,42,359.2857142857143,0
94,5640,42,134.28571428571428,0
3,238,41,5.804878048780488,0
2,140,41,3.4146341463414633,0
3,238,41,5.804878048780488,0
2,140,41,3.4146341463414633,0
3,238,41,5.804878048780488,0
2,140,41,3.4146341463414633,0
3,238,41,5.804878048780488,0
2,140,41,3.4146341463414633,0
3,238,41,5.804878048780488,0
2,140,41,3.4146341463414633,0
3,238,41,5.804878048780488,0
2,140,41,3.4146341463414633,0
3,238,41,5.804878048780488,0
2,140,41,3.4146341463414633,0
3,238,41,5.804878048780488,0
2,140,41,3.4146341463414633,0
153,15590,42,371.1904761904762,0
94,5640,42,134.28571428571428,0
3,238,41,5.804878048780488,0
2,140,41,3.4146341463414633,0
3,238,41,5.804878048780488,0
2,140,41,3.4146341463414633,0
3,238,41,5.804878048780488,0
2,140,41,3.4146341463414633,0
3,238,41,5.804878048780488,0
2,140,41,3.4146341463414633,0
3,238,41,5.804878048780488,0
2,140,41,3.4146341463414633,0
3,238,41,5.804878048780488,0
2,140,41,3.4146341463414633,0
3,238,40,5.95,0
2,140,40,3.5,0
151,15450,42,367.85714285714283,0
50,3000,44,68.18181818181819,0
1233562,81415288,43,1893378.7906976745,0
1897713,83292137166,43,1937026445.7209303,0
3,238,43,5.534883720930233,0
2,140,43,3.255813953488372,0
3,238,43,5.534883720930233,0
2,140,43,3.255813953488372,0
3,238,43,5.534883720930233,0
2,140,43,3.255813953488372,0
144,14936,44,339.45454545454544,0
48,2880,44,65.45454545454545,0
3,238,43,5.534883720930233,0
2,140,43,3.255813953488372,0
3,238,43,5.534883720930233,0
2,140,43,3.255813953488372,0
3,238,43,5.534883720930233,0
2,140,43,3.255813953488372,0
3,238,42,5.666666666666667,0
2,140,42,3.3333333333333335,0
146,15090,44,342.95454545454544,0
97,5820,44,132.27272727272728,0
1233562,81415288,43,1893378.7906976745,0
1897713,83292137166,43,1937026445.7209303,0
3,238,43,5.534883720930233,0
2,140,43,3.255813953488372,0
3,238,43,5.534883720930233,0
2,140,43,3.255813953488372,0
3,238,43,5.534883720930233,0
2,140,43,3.255813953488372,0
3,238,43,5.534883720930233,0
2,140,43,3.255813953488372,0
3,238,43,5.534883720930233,0
2,140,43,3.255813953488372,0
3,238,43,5.534883720930233,0
2,140,43,3.255813953488372,0
152,15506,44,352.40909090909093,0
100,6000,44,136.36363636363637,0
3,238,43,5.534883720930233,0
2,140,43,3.255813953488372,0
3,238,43,5.534883720930233,0
2,140,43,3.255813953488372,0
3,238,43,5.534883720930233,0
2,140,43,3.255813953488372,0
3,238,43,5.534883720930233,0
2,140,43,3.255813953488372,0
3,238,43,5.534883720930233,0
2,140,43,3.255813953488372,0
3,238,43,5.534883720930233,0
2,140,43,3.255813953488372,0
3,238,42,5.666666666666667,0
2,140,42,3.3333333333333335,0
151,15450,44,351.1363636363636,0
98,5880,44,133.63636363636363,0
3,238,43,5.534883720930233,0
2,140,43,3.255813953488372,0
3,238,43,5.534883720930233,0
2,140,43,3.255813953488372,0
3,238,43,5.534883720930233,0
2,140,43,3.255813953488372,0
3,238,43,5.534883720930233,0
2,140,43,3.255813953488372,0
3,238,43,5.534883720930233,0
2,140,43,3.255813953488372,0
3,238,43,5.534883720930233,0
2,140,43,3.255813953488372,0
3,238,43,5.534883720930233,0
2,140,43,3.255813953488372,0
3,238,43,5.534883720930233,0
2,140,43,3.255813953488372,0
153,15590,44,354.3181818181818,0
104,6240,46,135.65217391304347,0
3,238,45,5.288888888888889,0
2,140,45,3.111111111111111,0
3,238,45,5.288888888888889,0
2,140,45,3.111111111111111,0
3,238,45,5.288888888888889,0
2,140,45,3.111111111111111,0
3,238,45,5.288888888888889,0
2,140,45,3.111111111111111,0
3,238,45,5.288888888888889,0
2,140,45,3.111111111111111,0
3,238,45,5.288888888888889,0
2,140,45,3.111111111111111,0
3,238,44,5.409090909090909,0
2,140,44,3.1818181818181817,0
151,15450,46,335.8695652173913,0
101,6060,46,131.7391304347826,0
1233564,81415484,45,1809232.9777777777,0
1897715,83292137362,45,1850936385.8222222,0
3,238,45,5.288888888888889,0
2,140,45,3.111111111111111,0
3,238,45,5.288888888888889,0
2,140,45,3.111111111111111,0
3,238,45,5.288888888888889,0
2,140,45,3.111111111111111,0
3,238,45,5.288888888888889,0
2,140,45,3.111111111111111,0
3,238,45,5.288888888888889,0
2,140,45,3.111111111111111,0
3,238,45,5.288888888888889,0
2,140,45,3.111111111111111,0
152,15506,46,337.0869565217391,0
50,3000,46,65.21739130434783,0
3,238,45,5.288888888888889,0
2,140,45,3.111111111111111,0
3,238,45,5.288888888888889,0
2,140,45,3.111111111111111,0
3,238,45,5.288888888888889,0
2,140,45,3.111111111111111,0
3,238,44,5.409090909090909,0
2,140,44,3.1818181818181817,0
146,15090,46,328.04347826086956,0
103,6180,46,134.34782608695653,0
3,238,45,5.288888888888889,0
2,140,45,3.111111111111111,0
3,238,45,5.288888888888889,0
2,140,45,3.111111111111111,0
3,238,45,5.288888888888889,0
2,140,45,3.111111111111111,0
3,238,45,5.288888888888889,0
2,140,45,3.111111111111111,0
3,238,45,5.288888888888889,0
2,140,45,3.111111111111111,0
3,238,45,5.288888888888889,0
2,140,45,3.111111111111111,0
3,238,45,5.288888888888889,0
2,140,45,3.111111111111111,0
3,238,45,5.288888888888889,0
2,140,45,3.111111111111111,0
153,15590,46,338.9130434782609,0
52,3120,46,67.82608695652173,0
1233564,81415484,45,1809232.9777777777,0
1897715,83292137362,45,1850936385.8222222,0
3,238,45,5.288888888888889,0
2,140,45,3.111111111111111,0
3,238,45,5.288888888888889,0
2,140,45,3.111111111111111,0
3,238,45,5.288888888888889,0
2,140,45,3.111111111111111,0
144,14936,46,324.69565217391306,0
108,6480,48,135.0,0
3,238,47,5.0638297872340425,0
2,140,47,2.978723404255319,0
3,238,47,5.0638297872340425,0
2,140,47,2.978723404255319,0
3,238,47,5.0638297872340425,0
2,140,47,2.978723404255319,0
3,238,47,5.0638297872340425,0
2,140,47,2.978723404255319,0
3,238,47,5.0638297872340425,0
2,140,47,2.978723404255319,0
3,238,47,5.0638297872340425,0
2,140,47,2.978723404255319,0
3,238,46,5.173913043478261,0
2,140,46,3.0434782608695654,0
151,15450,48,321.875,0
107,6420,48,133.75,0
3,238,47,5.0638297872340425,0
2,140,47,2.978723404255319,0
3,238,47,5.0638297872340425,0
2,140,47,2.978723404255319,0
3,238,47,5.0638297872340425,0
2,140,47,2.978723404255319,0
3,238,47,5.0638297872340425,0
2,140,47,2.978723404255319,0
3,238,47,5.0638297872340425,0
2,140,47,2.978723404255319,0
3,238,47,5.0638297872340425,0
2,140,47,2.978723404255319,0
3,238,47,5.0638297872340425,0
2,140,47,2.978723404255319,0
3,238,47,5.0638297872340425,0
2,140,47,2.978723404255319,0
153,15590,48,324.7916666666667,0
54,3240,48,67.5,0
1233566,81415624,47,1732247.319148936,0
1897717,83292137502,47,1772173138.3404255,0
3,238,47,5.0638297872340425,0
2,140,47,2.978723404255319,0
3,238,47,5.0638297872340425,0
2,140,47,2.978723404255319,0
3,238,47,5.0638297872340425,0
2,140,47,2.978723404255319,0
144,14936,48,311.1666666666667,0
106,6360,48,132.5,0
1233566,81415624,47,1732247.319148936,0
1897717,83292137502,47,1772173138.3404255,0
3,238,47,5.0638297872340425,0
2,140,47,2.978723404255319,0
3,238,47,5.0638297872340425,0
2,140,47,2.978723404255319,0
3,238,47,5.0638297872340425,0
2,140,47,2.978723404255319,0
3,238,47,5.0638297872340425,0
2,140,47,2.978723404255319,0
3,238,47,5.0638297872340425,0
2,140,47,2.978723404255319,0
3,238,47,5.0638297872340425,0
2,140,47,2.978723404255319,0
152,15506,48,323.0416666666667,0
53,3180,48,66.25,0
3,238,47,5.0638297872340425,0
2,140,47,2.978723404255319,0
3,238,47,5.0638297872340425,0
2,140,47,2.978723404255319,0
3,238,47,5.0638297872340425,0
2,140,47,2.978723404255319,0
3,238,46,5.173913043478261,0
2,140,46,3.0434782608695654,0
146,15090,48,314.375,0
56,3360,50,67.2,0
1233568,81415820,49,1661547.3469387756,0
1897719,83292137698,49,1699839544.857143,0
3,238,49,4.857142857142857,0
2,140,49,2.857142857142857,0
3,238,49,4.857142857142857,0
2,140,49,2.857142857142857,0
3,238,49,4.857142857142857,0
2,140,49,2.857142857142857,0
144,14936,50,298.72,0
55,3300,50,66.0,0
3,238,49,4.857142857142857,0
2,140,49,2.857142857142857,0
3,238,49,4.857142857142857,0
2,140,49,2.857142857142857,0
3,238,49,4.857142857142857,0
2,140,49,2.857142857142857,0
3,238,48,4.958333333333333,0
2,140,48,2.9166666666666665,0
146,15090,50,301.8,0
112,6720,50,134.4,0
3,238,49,4.857142857142857,0
2,140,49,2.857142857142857,0
3,238,49,4.857142857142857,0
2,140,49,2.857142857142857,0
3,238,49,4.857142857142857,0
2,140,49,2.857142857142857,0
3,238,49,4.857142857142857,0
2,140,49,2.857142857142857,0
3,238,49,4.857142857142857,0
2,140,49,2.857142857142857,0
3,238,49,4.857142857142857,0
2,140,49,2.857142857142857,0
3,238,49,4.857142857142857,0
2,140,49,2.857142857142857,0
3,238,49,4.857142857142857,0
2,140,49,2.857142857142857,0
153,15590,50,311.8,0
112,6720,50,134.4,0
3,238,49,4.857142857142857,0
2,140,49,2.857142857142857,0
3,238,49,4.857142857142857,0
2,140,49,2.857142857142857,0
3,238,49,4.857142857142857,0
2,140,49,2.857142857142857,0
3,238,49,4.857142857142857,0
2,140,49,2.857142857142857,0
3,238,49,4.857142857142857,0
2,140,49,2.857142857142857,0
3,238,49,4.857142857142857,0
2,140,49,2.857142857142857,0
3,238,48,4.958333333333333,0
2,140,48,2.9166666666666665,0
151,15450,50,309.0,0
111,6660,50,133.2,0
1233568,81415820,49,1661547.3469387756,0
1897719,83292137698,49,1699839544.857143,0
3,238,49,4.857142857142857,0
2,140,49,2.857142857142857,0
3,238,49,4.857142857142857,0
2,140,49,2.857142857142857,0
3,238,49,4.857142857142857,0
2,140,49,2.857142857142857,0
3,238,49,4.857142857142857,0
2,140,49,2.857142857142857,0
3,238,49,4.857142857142857,0
2,140,49,2.857142857142857,0
3,238,49,4.857142857142857,0
2,140,49,2.857142857142857,0
152,15506,50,310.12,0
59,3540,52,68.07692307692308,0
1233570,81416016,51,1596392.4705882352,0
1897721,83292137894,51,1633179174.3921568,0
3,238,51,4.666666666666667,0
2,140,51,2.7450980392156863,0
3,238,51,4.666666666666667,0
2,140,51,2.7450980392156863,0
3,238,51,4.666666666666667,0
2,140,51,2.7450980392156863,0
144,14936,52,287.2307692307692,0
116,6960,52,133.84615384615384,0
3,238,51,4.666666666666667,0
2,140,51,2.7450980392156863,0
3,238,51,4.666666666666667,0
2,140,51,2.7450980392156863,0
3,238,51,4.666666666666667,0
2,140,51,2.7450980392156863,0
3,238,51,4.666666666666667,0
2,140,51,2.7450980392156863,0
3,238,51,4.666666666666667,0
2,140,51,2.7450980392156863,0
3,238,51,4.666666666666667,0
2,140,51,2.7450980392156863,0
3,238,50,4.76,0
2,140,50,2.8,0
151,15450,52,297.11538461538464,0
115,6900,52,132.69230769230768,0
1233570,81416016,51,1596392.4705882352,0
1897721,83292137894,51,1633179174.3921568,0
3,238,51,4.666666666666667,0
2,140,51,2.7450980392156863,0
3,238,51,4.666666666666667,0
2,140,51,2.7450980392156863,0
3,238,51,4.666666666666667,0
2,140,51,2.7450980392156863,0
3,238,51,4.666666666666667,0
2,140,51,2.7450980392156863,0
3,238,51,4.666666666666667,0
2,140,51,2.7450980392156863,0
3,238,51,4.666666666666667,0
2,140,51,2.7450980392156863,0
152,15506,52,298.1923076923077,0
116,6960,52,133.84615384615384,0
3,238,51,4.666666666666667,0
2,140,51,2.7450980392156863,0
3,238,51,4.666666666666667,0
2,140,51,2.7450980392156863,0
3,238,51,4.666666666666667,0
2,140,51,2.7450980392156863,0
3,238,51,4.666666666666667,0
2,140,51,2.7450980392156863,0
3,238,51,4.666666666666667,0
2,140,51,2.7450980392156863,0
3,238,51,4.666666666666667,0
2,140,51,2.7450980392156863,0
3,238,51,4.666666666666667,0
2,140,51,2.7450980392156863,0
3,238,51,4.666666666666667,0
2,140,51,2.7450980392156863,0
153,15590,52,299.8076923076923,0
57,3420,52,65.76923076923077,0
3,238,51,4.666666666666667,0
2,140,51,2.7450980392156863,0
3,238,51,4.666666666666667,0
2,140,51,2.7450980392156863,0
3,238,51,4.666666666666667,0
2,140,51,2.7450980392156863,0
3,238,50,4.76,0
2,140,50,2.8,0
146,15090,52,290.1923076923077,0
61,3660,54,67.77777777777777,0
1233570,81416016,53,1536151.2452830188,0
1897721,83292137894,53,1571549771.5849056,0
3,238,53,4.490566037735849,0
2,140,53,2.641509433962264,0
3,238,53,4.490566037735849,0
2,140,53,2.641509433962264,0
3,238,53,4.490566037735849,0
2,140,53,2.641509433962264,0
144,14936,54,276.5925925925926,0
122,7320,54,135.55555555555554,0
3,238,53,4.490566037735849,0
2,140,53,2.641509433962264,0
3,238,53,4.490566037735849,0
2,140,53,2.641509433962264,0
3,238,53,4.490566037735849,0
2,140,53,2.641509433962264,0
3,238,53,4.490566037735849,0
2,140,53,2.641509433962264,0
3,238,53,4.490566037735849,0
2,140,53,2.641509433962264,0
3,238,53,4.490566037735849,0
2,140,53,2.641509433962264,0
3,238,52,4.576923076923077,0
2,140,52,2.6923076923076925,0
151,15450,54,286.1111111111111,0
119,7140,54,132.22222222222223,0
1233570,81416016,53,1536151.2452830188,0
1897721,83292137894,53,1571549771.5849056,0
3,238,53,4.490566037735849,0
2,140,53,2.641509433962264,0
3,238,53,4.490566037735849,0
2,140,53,2.641509433962264,0
3,238,53,4.490566037735849,0
2,140,53,2.641509433962264,0
3,238,53,4.490566037735849,0
2,140,53,2.641509433962264,0
3,238,53,4.490566037735849,0
2,140,53,2.641509433962264,0
3,238,53,4.490566037735849,0
2,140,53,2.641509433962264,0
152,15506,54,287.14814814814815,0
59,3540,54,65.55555555555556,0
3,238,53,4.490566037735849,0
2,140,53,2.641509433962264,0
3,238,53,4.490566037735849,0
2,140,53,2.641509433962264,0
3,238,53,4.490566037735849,0
2,140,53,2.641509433962264,0
3,238,52,4.576923076923077,0
2,140,52,2.6923076923076925,0
146,15090,54,279.44444444444446,0
121,7260,54,134.44444444444446,0
3,238,53,4.490566037735849,0
2,140,53,2.641509433962264,0
3,238,53,4.490566037735849,0
2,140,53,2.641509433962264,0
3,238,53,4.490566037735849,0
2,140,53,2.641509433962264,0
3,238,53,4.490566037735849,0
2,140,53,2.641509433962264,0
3,238,53,4.490566037735849,0
2,140,53,2.641509433962264,0
3,238,53,4.490566037735849,0
2,140,53,2.641509433962264,0
3,238,53,4.490566037735849,0
2,140,53,2.641509433962264,0
3,238,53,4.490566037735849,0
2,140,53,2.641509433962264,0
153,15590,54,288.7037037037037,0
63,3780,56,67.5,0
1233570,81416016,55,1480291.2,0
1897721,83292137894,55,1514402507.1636364,0
3,238,55,4.327272727272727,0
2,140,55,2.5454545454545454,0
3,238,55,4.327272727272727,0
2,140,55,2.5454545454545454,0
3,238,55,4.327272727272727,0
2,140,55,2.5454545454545454,0
146,15076,56,269.2142857142857,0
126,7560,56,135.0,0
3,238,55,4.327272727272727,0
2,140,55,2.5454545454545454,0
3,238,55,4.327272727272727,0
2,140,55,2.5454545454545454,0
3,238,55,4.327272727272727,0
2,140,55,2.5454545454545454,0
3,238,55,4.327272727272727,0
2,140,55,2.5454545454545454,0
3,238,55,4.327272727272727,0
2,140,55,2.5454545454545454,0
3,238,55,4.327272727272727,0
2,140,55,2.5454545454545454,0
3,238,54,4.407407407407407,0
2,140,54,2.5925925925925926,0
152,15520,56,277.14285714285717,0
61,3660,56,65.35714285714286,0
3,238,55,4.327272727272727,0
2,140,55,2.5454545454545454,0
3,238,55,4.327272727272727,0
2,140,55,2.5454545454545454,0
3,238,55,4.327272727272727,0
2,140,55,2.5454545454545454,0
3,238,54,4.407407407407407,0
2,140,54,2.5925925925925926,0
147,15160,56,270.7142857142857,0
124,7440,56,132.85714285714286,0
1233570,81416016,55,1480291.2,0
1897721,83292137894,55,1514402507.1636364,0
3,238,55,4.327272727272727,0
2,140,55,2.5454545454545454,0
3,238,55,4.327272727272727,0
2,140,55,2.5454545454545454,0
3,238,55,4.327272727272727,0
2,140,55,2.5454545454545454,0
3,238,55,4.327272727272727,0
2,140,55,2.5454545454545454,0
3,238,55,4.327272727272727,0
2,140,55,2.5454545454545454,0
3,238,55,4.327272727272727,0
2,140,55,2.5454545454545454,0
153,15576,56,278.14285714285717,0
125,7500,56,133.92857142857142,0
3,238,55,4.327272727272727,0
2,140,55,2.5454545454545454,0
3,238,55,4.327272727272727,0
2,140,55,2.5454545454545454,0
3,238,55,4.327272727272727,0
2,140,55,2.5454545454545454,0
3,238,55,4.327272727272727,0
2,140,55,2.5454545454545454,0
3,238,55,4.327272727272727,0
2,140,55,2.5454545454545454,0
3,238,55,4.327272727272727,0
2,140,55,2.5454545454545454,0
3,238,55,4.327272727272727,0
2,140,55,2.5454545454545454,0
3,238,55,4.327272727272727,0
2,140,55,2.5454545454545454,0
154,15660,56,279.64285714285717,0
130,7800,58,134.48275862068965,0
3,238,57,4.175438596491228,0
2,140,57,2.456140350877193,0
3,238,57,4.175438596491228,0
2,140,57,2.456140350877193,0
3,238,57,4.175438596491228,0
2,140,57,2.456140350877193,0
3,238,57,4.175438596491228,0
2,140,57,2.456140350877193,0
3,238,57,4.175438596491228,0
2,140,57,2.456140350877193,0
3,238,57,4.175438596491228,0
2,140,57,2.456140350877193,0
3,238,56,4.25,0
2,140,56,2.5,0
154,15660,58,270.0,0
65,3900,58,67.24137931034483,0
1233570,81416016,57,1428351.1578947369,0
1897721,83292137894,57,1461265577.0877192,0
3,238,57,4.175438596491228,0
2,140,57,2.456140350877193,0
3,238,57,4.175438596491228,0
2,140,57,2.456140350877193,0
3,238,57,4.175438596491228,0
2,140,57,2.456140350877193,0
147,15146,58,261.13793103448273,0
64,3840,58,66.20689655172414,0
3,238,57,4.175438596491228,0
2,140,57,2.456140350877193,0
3,238,57,4.175438596491228,0
2,140,57,2.456140350877193,0
3,238,57,4.175438596491228,0
2,140,57,2.456140350877193,0
3,238,57,4.175438596491228,0
2,140,56,2.5,0
149,15300,58,263.7931034482759,0
128,7680,58,132.41379310344828,0
1233570,81416016,57,1428351.1578947369,0
1897721,83292137894,57,1461265577.0877192,0
3,238,57,4.175438596491228,0
2,140,57,2.456140350877193,0
3,238,57,4.175438596491228,0
2,140,57,2.456140350877193,0
3,238,57,4.175438596491228,0
2,140,57,2.456140350877193,0
3,238,57,4.175438596491228,0
2,140,57,2.456140350877193,0
3,238,57,4.175438596491228,0
2,140,57,2.456140350877193,0
3,238,57,4.175438596491228,0
2,140,57,2.456140350877193,0
154,15646,58,269.7586206896552,0
130,7800,58,134.48275862068965,0
3,238,57,4.175438596491228,0
2,140,57,2.456140350877193,0
3,238,57,4.175438596491228,0
2,140,57,2.456140350877193,0
3,238,57,4.175438596491228,0
2,140,57,2.456140350877193,0
3,238,57,4.175438596491228,0
2,140,57,2.456140350877193,0
3,238,57,4.175438596491228,0
2,140,57,2.456140350877193,0
3,238,57,4.175438596491228,0
2,140,57,2.456140350877193,0
3,238,57,4.175438596491228,0
2,140,57,2.456140350877193,0
3,238,57,4.175438596491228,0
2,140,57,2.456140350877193,0
156,15800,58,272.41379310344826,0
134,8040,60,134.0,0
3,238,59,4.033898305084746,0
2,140,59,2.3728813559322033,0
3,238,59,4.033898305084746,0
2,140,59,2.3728813559322033,0
3,238,59,4.033898305084746,0
2,140,59,2.3728813559322033,0
3,238,59,4.033898305084746,0
2,140,59,2.3728813559322033,0
3,238,59,4.033898305084746,0
2,140,59,2.3728813559322033,0
3,238,59,4.033898305084746,0
2,140,59,2.3728813559322033,0
3,238,58,4.103448275862069,0
2,140,58,2.413793103448276,0
156,15800,60,263.3333333333333,0
66,3960,60,66.0,0
3,238,59,4.033898305084746,0
2,140,59,2.3728813559322033,0
3,238,59,4.033898305084746,0
2,140,59,2.3728813559322033,0
3,238,59,4.033898305084746,0
2,140,59,2.3728813559322033,0
3,238,59,4.033898305084746,0
2,140,58,2.413793103448276,0
151,15440,60,257.3333333333333,0
67,4020,60,67.0,0
1233570,81416016,59,1379932.4745762711,0
1897721,83292137894,59,1411731150.7457628,0
3,238,59,4.033898305084746,0
2,140,59,2.3728813559322033,0
3,238,59,4.033898305084746,0
2,140,59,2.3728813559322033,0
3,238,59,4.033898305084746,0
2,140,59,2.3728813559322033,0
150,15356,60,255.93333333333334,0
133,7980,60,133.0,0
1233570,81416016,59,1379932.4745762711,0
1897721,83292137894,59,1411731150.7457628,0
3,238,59,4.033898305084746,0
2,140,59,2.3728813559322033,0
3,238,59,4.033898305084746,0
2,140,59,2.3728813559322033,0
3,238,59,4.033898305084746,0
2,140,59,2.3728813559322033,0
3,238,59,4.033898305084746,0
2,140,59,2.3728813559322033,0
3,238,59,4.033898305084746,0
2,140,59,2.3728813559322033,0
3,238,59,4.033898305084746,0
2,140,59,2.3728813559322033,0
157,15856,60,264.26666666666665,0
134,8040,60,134.0,0
3,238,59,4.033898305084746,0
2,140,59,2.3728813559322033,0
3,238,59,4.033898305084746,0
2,140,59,2.3728813559322033,0
3,238,59,4.033898305084746,0
2,140,59,2.3728813559322033,0
3,238,59,4.033898305084746,0
2,140,59,2.3728813559322033,0
3,238,59,4.033898305084746,0
2,140,59,2.3728813559322033,0
3,238,59,4.033898305084746,0
2,140,59,2.3728813559322033,0
3,238,59,4.033898305084746,0
2,140,59,2.3728813559322033,0
3,238,59,4.033898305084746,0
2,140,59,2.3728813559322033,0
158,15940,60,265.6666666666667,0
140,8400,62,135.48387096774192,0
3,238,61,3.901639344262295,0
2,140,61,2.2950819672131146,0
3,238,61,3.901639344262295,0
2,140,61,2.2950819672131146,0
3,238,61,3.901639344262295,0
2,140,61,2.2950819672131146,0
3,238,61,3.901639344262295,0
2,140,61,2.2950819672131146,0
3,238,61,3.901639344262295,0
2,140,61,2.2950819672131146,0
3,238,61,3.901639344262295,0
2,140,61,2.2950819672131146,0
3,238,61,3.901639344262295,0
2,140,60,2.3333333333333335,0
158,15940,62,257.0967741935484,0
68,4080,62,65.80645161290323,0
3,238,61,3.901639344262295,0
2,140,61,2.2950819672131146,0
3,238,61,3.901639344262295,0
2,140,61,2.2950819672131146,0
3,238,61,3.901639344262295,0
2,140,61,2.2950819672131146,0
3,238,61,3.901639344262295,0
2,140,60,2.3333333333333335,0
153,15580,62,251.29032258064515,0
137,8220,62,132.58064516129033,0
1233570,81416016,61,1334688.786885246,0
1897721,83292137894,61,1365444883.5081968,0
3,238,61,3.901639344262295,0
2,140,61,2.2950819672131146,0
3,238,61,3.901639344262295,0
2,140,61,2.2950819672131146,0
3,238,61,3.901639344262295,0
2,140,61,2.2950819672131146,0
3,238,61,3.901639344262295,0
2,140,61,2.2950819672131146,0
3,238,61,3.901639344262295,0
2,140,61,2.2950819672131146,0
3,238,61,3.901639344262295,0
2,140,61,2.2950819672131146,0
159,15996,62,258.0,0
70,4200,62,67.74193548387096,0
1233570,81416016,61,1334688.786885246,0
1897721,83292137894,61,1365444883.5081968,0
3,238,61,3.901639344262295,0
2,140,61,2.2950819672131146,0
3,238,61,3.901639344262295,0
2,140,61,2.2950819672131146,0
3,238,61,3.901639344262295,0
2,140,61,2.2950819672131146,0
152,15496,62,249.93548387096774,0
138,8280,62,133.5483870967742,0
3,238,61,3.901639344262295,0
2,140,61,2.2950819672131146,0
3,238,61,3.901639344262295,0
2,140,61,2.2950819672131146,0
3,238,61,3.901639344262295,0
2,140,61,2.2950819672131146,0
3,238,61,3.901639344262295,0
2,140,61,2.2950819672131146,0
3,238,61,3.901639344262295,0
2,140,61,2.2950819672131146,0
3,238,61,3.901639344262295,0
2,140,61,2.2950819672131146,0
3,238,61,3.901639344262295,0
2,140,61,2.2950819672131146,0
3,238,61,3.901639344262295,0
2,140,61,2.2950819672131146,0
160,16080,62,259.35483870967744,0
72,4320,64,67.5,0
1233570,81416016,63,1292317.7142857143,0
1897721,83292137894,63,1322097426.8888888,0
3,238,63,3.7777777777777777,0
2,140,63,2.2222222222222223,0
3,238,63,3.7777777777777777,0
2,140,63,2.2222222222222223,0
3,238,63,3.7777777777777777,0
2,140,63,2.2222222222222223,0
154,15710,64,245.46875,0
70,4200,64,65.625,0
3,238,63,3.7777777777777777,0
2,140,63,2.2222222222222223,0
3,238,63,3.7777777777777777,0
2,140,63,2.2222222222222223,0
3,238,63,3.7777777777777777,0
2,140,63,2.2222222222222223,0
3,238,63,3.7777777777777777,0
2,140,62,2.2580645161290325,0
154,15687,64,245.109375,0
144,8640,64,135.0,0
3,238,63,3.7777777777777777,0
2,140,63,2.2222222222222223,0
3,238,63,3.7777777777777777,0
2,140,63,2.2222222222222223,0
3,238,63,3.7777777777777777,0
2,140,63,2.2222222222222223,0
3,238,63,3.7777777777777777,0
2,140,63,2.2222222222222223,0
3,238,63,3.7777777777777777,0
2,140,63,2.2222222222222223,0
3,238,63,3.7777777777777777,0
2,140,63,2.2222222222222223,0
3,238,63,3.7777777777777777,0
2,140,62,2.2580645161290325,0
160,16154,64,252.40625,0
143,8580,64,134.0625,0
3,238,63,3.7777777777777777,0
2,140,63,2.2222222222222223,0
3,238,63,3.7777777777777777,0
2,140,63,2.2222222222222223,0
3,238,63,3.7777777777777777,0
2,140,63,2.2222222222222223,0
3,238,63,3.7777777777777777,0
2,140,63,2.2222222222222223,0
3,238,63,3.7777777777777777,0
2,140,63,2.2222222222222223,0
3,238,63,3.7777777777777777,0
2,140,63,2.2222222222222223,0
3,238,63,3.7777777777777777,0
2,140,63,2.2222222222222223,0
3,238,63,3.7777777777777777,0
2,140,63,2.2222222222222223,0
162,16294,64,254.59375,0
141,8460,64,132.1875,0
1233570,81416016,63,1292317.7142857143,0
1897721,83292137894,63,1322097426.8888888,0
3,238,63,3.7777777777777777,0
2,140,63,2.2222222222222223,0
3,238,63,3.7777777777777777,0
2,140,63,2.2222222222222223,0
3,238,63,3.7777777777777777,0
2,140,63,2.2222222222222223,0
3,238,63,3.7777777777777777,0
2,140,63,2.2222222222222223,0
3,238,63,3.7777777777777777,0
2,140,63,2.2222222222222223,0
3,238,63,3.7777777777777777,0
2,140,63,2.2222222222222223,0
160,16103,64,251.609375,0
3,180,1,180.0,1
2,196,1,196.0,1
1,98,1,98.0,1
60815,2554342,1,2554342.0,1
7,518,1,518.0,1
2,196,1,196.0,1
1,98,1,98.0,1
2,196,1,196.0,1
1,98,1,98.0,1
56,4323,1,4323.0,1
5,300,1,300.0,1
2,196,1,196.0,1
1,98,1,98.0,1
2,196,1,196.0,1
1,98,1,98.0,1
2,196,1,196.0,1
1,98,1,98.0,1
2,196,1,196.0,1
1,98,1,98.0,1
2,196,1,196.0,1
1,98,1,98.0,1
2,196,1,196.0,1
1,98,1,98.0,1
2,196,1,196.0,1
1,98,1,98.0,1
70,5995,1,5995.0,1
4,240,1,240.0,1
2,196,1,196.0,1
1,98,1,98.0,1
60815,2554342,1,2554342.0,1
7,518,1,518.0,1
2,196,1,196.0,1
1,98,1,98.0,1
2,196,1,196.0,1
1,98,1,98.0,1
2,196,1,196.0,1
1,98,1,98.0,1
2,196,1,196.0,1
1,98,1,98.0,1
2,196,1,196.0,1
1,98,1,98.0,1
68,5643,1,5643.0,1
4,240,1,240.0,1
60815,2554342,1,2554342.0,1
7,518,1,518.0,1
2,196,1,196.0,1
1,98,1,98.0,1
2,196,1,196.0,1
1,98,1,98.0,1
2,196,1,196.0,1
1,98,1,98.0,1
2,196,1,196.0,1
1,98,1,98.0,1
2,196,1,196.0,1
1,98,1,98.0,1
2,196,1,196.0,1
1,98,1,98.0,1
2,196,1,196.0,1
1,98,1,98.0,1
72,6135,1,6135.0,1
3,180,1,180.0,1
2,196,1,196.0,1
1,98,1,98.0,1
2,196,1,196.0,1
1,98,1,98.0,1
2,196,1,196.0,1
1,98,1,98.0,1
2,196,1,196.0,1
1,98,1,98.0,1
69,6290,1,6290.0,1
5,300,3,100.0,1
2,196,3,65.33333333333333,1
1,98,3,32.666666666666664,1
296002,12432196,3,4144065.3333333335,1
9,658,3,219.33333333333334,1
2,196,3,65.33333333333333,1
1,98,3,32.666666666666664,1
2,196,3,65.33333333333333,1
1,98,3,32.666666666666664,1
91,9762,3,3254.0,1
8,480,3,160.0,1
296005,12432322,3,4144107.3333333335,1
9,658,3,219.33333333333334,1
2,196,3,65.33333333333333,1
1,98,3,32.666666666666664,1
2,196,3,65.33333333333333,1
1,98,3,32.666666666666664,1
2,196,3,65.33333333333333,1
1,98,3,32.666666666666664,1
2,196,3,65.33333333333333,1
1,98,3,32.666666666666664,1
2,196,3,65.33333333333333,1
1,98,3,32.666666666666664,1
2,196,3,65.33333333333333,1
1,98,3,32.666666666666664,1
2,196,3,65.33333333333333,1
1,98,3,32.666666666666664,1
101,10616,3,3538.6666666666665,1
5,300,3,100.0,1
2,196,3,65.33333333333333,1
1,98,3,32.666666666666664,1
2,196,3,65.33333333333333,1
1,98,3,32.666666666666664,1
2,196,3,65.33333333333333,1
1,98,3,32.666666666666664,1
2,196,3,65.33333333333333,1
1,98,3,32.666666666666664,1
92,9970,3,3323.3333333333335,1
9,540,3,180.0,1
2,196,3,65.33333333333333,1
1,98,3,32.666666666666664,1
296006,12432364,3,4144121.3333333335,1
9,658,3,219.33333333333334,1
2,196,3,65.33333333333333,1
1,98,3,32.666666666666664,1
2,196,3,65.33333333333333,1
1,98,3,32.666666666666664,1
2,196,3,65.33333333333333,1
1,98,3,32.666666666666664,1
2,196,3,65.33333333333333,1
1,98,3,32.666666666666664,1
2,196,3,65.33333333333333,1
1,98,3,32.666666666666664,1
99,10446,3,3482.0,1
10,600,3,200.0,1
2,196,3,65.33333333333333,1
1,98,3,32.666666666666664,1
2,196,3,65.33333333333333,1
1,98,3,32.666666666666664,1
2,196,3,65.33333333333333,1
1,98,3,32.666666666666664,1
2,196,3,65.33333333333333,1
1,98,3,32.666666666666664,1
2,196,3,65.33333333333333,1
1,98,3,32.666666666666664,1
2,196,3,65.33333333333333,1
1,98,3,32.666666666666664,1
2,196,3,65.33333333333333,1
1,98,3,32.666666666666664,1
98,10276,3,3425.3333333333335,1
7,420,5,84.0,1
3,238,5,47.6,1
2,140,5,28.0,1
543168,22813168,5,4562633.6,1
12,840,5,168.0,1
3,238,5,47.6,1
2,140,5,28.0,1
3,238,5,47.6,1
2,140,5,28.0,1
103,11010,5,2202.0,1
7,420,5,84.0,1
3,238,5,47.6,1
2,140,5,28.0,1
3,238,5,47.6,1
2,140,5,28.0,1
3,238,5,47.6,1
2,140,5,28.0,1
3,238,5,47.6,1
2,140,5,28.0,1
106,11618,5,2323.6,1
13,780,5,156.0,1
3,238,5,47.6,1
2,140,5,28.0,1
543173,22813378,5,4562675.6,1
12,840,5,168.0,1
3,238,5,47.6,1
2,140,5,28.0,1
3,238,5,47.6,1
2,140,5,28.0,1
3,238,5,47.6,1
2,140,5,28.0,1
3,238,5,47.6,1
2,140,5,28.0,1
3,238,5,47.6,1
2,140,5,28.0,1
111,11694,5,2338.8,1
14,840,5,168.0,1
3,238,5,47.6,1
2,140,5,28.0,1
3,238,5,47.6,1
2,140,5,28.0,1
3,238,5,47.6,1
2,140,5,28.0,1
3,238,5,47.6,1
2,140,5,28.0,1
3,238,5,47.6,1
2,140,5,28.0,1
3,238,5,47.6,1
2,140,5,28.0,1
3,238,5,47.6,1
2,140,5,28.0,1
112,11924,5,2384.8,1
13,780,5,156.0,1
543172,22813336,5,4562667.2,1
12,840,5,168.0,1
3,238,5,47.6,1
2,140,5,28.0,1
3,238,5,47.6,1
2,140,5,28.0,1
3,238,5,47.6,1
2,140,5,28.0,1
3,238,5,47.6,1
2,140,5,28.0,1
3,238,5,47.6,1
2,140,5,28.0,1
3,238,5,47.6,1
2,140,5,28.0,1
3,238,5,47.6,1
2,140,5,28.0,1
115,12134,5,2426.8,1
10,600,7,85.71428571428571,1
3,238,7,34.0,1
2,140,7,20.0,1
773289,32478250,7,4639750.0,1
14,980,7,140.0,1
3,238,7,34.0,1
2,140,7,20.0,1
3,238,7,34.0,1
2,140,7,20.0,1
110,12020,7,1717.142857142857,1
10,600,7,85.71428571428571,1
3,238,7,34.0,1
2,140,7,20.0,1
3,238,7,34.0,1
2,140,7,20.0,1
3,238,7,34.0,1
2,140,7,20.0,1
3,238,7,34.0,1
2,140,7,20.0,1
110,12028,7,1718.2857142857142,1
18,1080,7,154.28571428571428,1
773292,32478376,7,4639768.0,1
14,980,7,140.0,1
3,238,7,34.0,1
2,140,7,20.0,1
3,238,7,34.0,1
2,140,7,20.0,1
3,238,7,34.0,1
2,140,7,20.0,1
3,238,7,34.0,1
2,140,7,20.0,1
3,238,7,34.0,1
2,140,7,20.0,1
3,238,7,34.0,1
2,140,7,20.0,1
3,238,7,34.0,1
2,140,7,20.0,1
119,12674,7,1810.5714285714287,1
18,1080,7,154.28571428571428,1
3,238,7,34.0,1
2,140,7,20.0,1
3,238,7,34.0,1
2,140,7,20.0,1
3,238,7,34.0,1
2,140,7,20.0,1
3,238,7,34.0,1
2,140,7,20.0,1
3,238,7,34.0,1
2,140,7,20.0,1
3,238,7,34.0,1
2,140,7,20.0,1
3,238,7,34.0,1
2,140,7,20.0,1
117,12534,7,1790.5714285714287,1
17,1020,7,145.71428571428572,1
3,238,7,34.0,1
2,140,7,20.0,1
773293,32478418,7,4639774.0,1
14,980,7,140.0,1
3,238,7,34.0,1
2,140,7,20.0,1
3,238,7,34.0,1
2,140,7,20.0,1
3,238,7,34.0,1
2,140,7,20.0,1
3,238,7,34.0,1
2,140,7,20.0,1
3,238,7,34.0,1
2,140,7,20.0,1
117,12504,7,1786.2857142857142,1
12,720,9,80.0,1
3,238,9,26.444444444444443,1
2,140,9,15.555555555555555,1
993018,41706868,9,4634096.444444444,1
16,1120,9,124.44444444444444,1
3,238,9,26.444444444444443,1
2,140,9,15.555555555555555,1
3,238,9,26.444444444444443,1
2,140,9,15.555555555555555,1
114,12448,9,1383.111111111111,1
22,1320,9,146.66666666666666,1
3,238,9,26.444444444444443,1
2,140,9,15.555555555555555,1
993022,41707036,9,4634115.111111111,1
16,1120,9,124.44444444444444,1
3,238,9,26.444444444444443,1
2,140,9,15.555555555555555,1
3,238,9,26.444444444444443,1
2,140,9,15.555555555555555,1
3,238,9,26.444444444444443,1
2,140,9,15.555555555555555,1
3,238,9,26.444444444444443,1
2,140,9,15.555555555555555,1
3,238,9,26.444444444444443,1
2,140,9,15.555555555555555,1
121,12932,9,1436.888888888889,1
22,1320,9,146.66666666666666,1
993021,41706994,9,4634110.444444444,1
16,1120,9,124.44444444444444,1
3,238,9,26.444444444444443,1
2,140,9,15.555555555555555,1
3,238,9,26.444444444444443,1
2,140,9,15.555555555555555,1
3,238,9,26.444444444444443,1
2,140,9,15.555555555555555,1
3,238,9,26.444444444444443,1
2,140,9,15.555555555555555,1
3,238,9,26.444444444444443,1
2,140,9,15.555555555555555,1
3,238,9,26.444444444444443,1
2,140,9,15.555555555555555,1
3,238,9,26.444444444444443,1
2,140,9,15.555555555555555,1
123,13102,9,1455.7777777777778,1
12,720,9,80.0,1
3,238,9,26.444444444444443,1
2,140,9,15.555555555555555,1
3,238,9,26.444444444444443,1
2,140,9,15.555555555555555,1
3,238,9,26.444444444444443,1
2,140,9,15.555555555555555,1
3,238,9,26.444444444444443,1
2,140,9,15.555555555555555,1
114,12456,9,1384.0,1
23,1380,9,153.33333333333334,1
3,238,9,26.444444444444443,1
2,140,9,15.555555555555555,1
3,238,9,26.444444444444443,1
2,140,9,15.555555555555555,1
3,238,9,26.444444444444443,1
2,140,9,15.555555555555555,1
3,238,9,26.444444444444443,1
2,140,9,15.555555555555555,1
3,238,9,26.444444444444443,1
2,140,9,15.555555555555555,1
3,238,9,26.444444444444443,1
2,140,9,15.555555555555555,1
3,238,9,26.444444444444443,1
2,140,9,15.555555555555555,1
121,12962,9,1440.2222222222222,1
14,840,11,76.36363636363636,1
3,238,11,21.636363636363637,1
2,140,11,12.727272727272727,1
1234164,51835000,11,4712272.7272727275,1
18,1260,11,114.54545454545455,1
3,238,11,21.636363636363637,1
2,140,11,12.727272727272727,1
3,238,11,21.636363636363637,1
2,140,11,12.727272727272727,1
114,12448,11,1131.6363636363637,1
27,1620,11,147.27272727272728,1
3,238,11,21.636363636363637,1
2,140,11,12.727272727272727,1
3,238,11,21.636363636363637,1
2,140,11,12.727272727272727,1
3,238,11,21.636363636363637,1
2,140,11,12.727272727272727,1
3,238,11,21.636363636363637,1
2,140,11,12.727272727272727,1
3,238,11,21.636363636363637,1
2,140,11,12.727272727272727,1
3,238,11,21.636363636363637,1
2,140,11,12.727272727272727,1
3,238,11,21.636363636363637,1
2,140,11,12.727272727272727,1
121,12962,11,1178.3636363636363,1
14,840,11,76.36363636363636,1
3,238,11,21.636363636363637,1
2,140,11,12.727272727272727,1
3,238,11,21.636363636363637,1
2,140,11,12.727272727272727,1
3,238,11,21.636363636363637,1
2,140,11,12.727272727272727,1
3,238,11,21.636363636363637,1
2,140,11,12.727272727272727,1
114,12456,11,1132.3636363636363,1
26,1560,11,141.8181818181818,1
1234167,51835126,11,4712284.181818182,1
18,1260,11,114.54545454545455,1
3,238,11,21.636363636363637,1
2,140,11,12.727272727272727,1
3,238,11,21.636363636363637,1
2,140,11,12.727272727272727,1
3,238,11,21.636363636363637,1
2,140,11,12.727272727272727,1
3,238,11,21.636363636363637,1
2,140,11,12.727272727272727,1
3,238,11,21.636363636363637,1
2,140,11,12.727272727272727,1
3,238,11,21.636363636363637,1
2,140,11,12.727272727272727,1
3,238,11,21.636363636363637,1
2,140,11,12.727272727272727,1
123,13102,11,1191.090909090909,1
27,1620,11,147.27272727272728,1
3,238,11,21.636363636363637,1
2,140,11,12.727272727272727,1
1234167,51835126,11,4712284.181818182,1
18,1260,11,114.54545454545455,1
3,238,11,21.636363636363637,1
2,140,11,12.727272727272727,1
3,238,11,21.636363636363637,1
2,140,11,12.727272727272727,1
3,238,11,21.636363636363637,1
2,140,11,12.727272727272727,1
3,238,11,21.636363636363637,1
2,140,11,12.727272727272727,1
3,238,11,21.636363636363637,1
2,140,11,12.727272727272727,1
121,12932,11,1175.6363636363637,1
16,960,13,73.84615384615384,1
3,238,13,18.307692307692307,1
2,140,13,10.76923076923077,1
1485564,62393800,13,4799523.076923077,1
20,1400,13,107.6923076923077,1
3,238,13,18.307692307692307,1
2,140,13,10.76923076923077,1
3,238,13,18.307692307692307,1
2,140,13,10.76923076923077,1
117,12658,13,973.6923076923077,1
31,1860,13,143.07692307692307,1
1485566,62393884,13,4799529.538461538,1
20,1400,13,107.6923076923077,1
3,238,13,18.307692307692307,1
2,140,13,10.76923076923077,1
3,238,13,18.307692307692307,1
2,140,13,10.76923076923077,1
3,238,13,18.307692307692307,1
2,140,13,10.76923076923077,1
3,238,13,18.307692307692307,1
2,140,13,10.76923076923077,1
3,238,13,18.307692307692307,1
2,140,13,10.76923076923077,1
3,238,13,18.307692307692307,1
2,140,13,10.76923076923077,1
3,238,13,18.307692307692307,1
2,140,13,10.76923076923077,1
128,13452,13,1034.7692307692307,1
31,1860,13,143.07692307692307,1
3,238,13,18.307692307692307,1
2,140,13,10.76923076923077,1
1485567,62393926,13,4799532.769230769,1
20,1400,13,107.6923076923077,1
3,238,13,18.307692307692307,1
2,140,13,10.76923076923077,1
3,238,13,18.307692307692307,1
2,140,13,10.76923076923077,1
3,238,13,18.307692307692307,1
2,140,13,10.76923076923077,1
3,238,13,18.307692307692307,1
2,140,13,10.76923076923077,1
3,238,13,18.307692307692307,1
2,140,13,10.76923076923077,1
125,13212,13,1016.3076923076923,1
32,1920,13,147.69230769230768,1
3,238,13,18.307692307692307,1
2,140,13,10.76923076923077,1
3,238,13,18.307692307692307,1
2,140,13,10.76923076923077,1
3,238,13,18.307692307692307,1
2,140,13,10.76923076923077,1
3,238,13,18.307692307692307,1
2,140,13,10.76923076923077,1
3,238,13,18.307692307692307,1
2,140,13,10.76923076923077,1
3,238,13,18.307692307692307,1
2,140,13,10.76923076923077,1
3,238,13,18.307692307692307,1
2,140,13,10.76923076923077,1
125,13242,13,1018.6153846153846,1
16,960,13,73.84615384615384,1
3,238,13,18.307692307692307,1
2,140,13,10.76923076923077,1
3,238,13,18.307692307692307,1
2,140,13,10.76923076923077,1
3,238,13,18.307692307692307,1
2,140,13,10.76923076923077,1
3,238,13,18.307692307692307,1
2,140,13,10.76923076923077,1
118,12736,13,979.6923076923077,1
18,1080,15,72.0,1
3,238,15,15.866666666666667,1
2,140,15,9.333333333333334,1
1742158,73170748,15,4878049.866666666,1
22,1540,15,102.66666666666667,1
3,238,15,15.866666666666667,1
2,140,15,9.333333333333334,1
3,238,15,15.866666666666667,1
2,140,15,9.333333333333334,1
123,13078,15,871.8666666666667,1
35,2100,15,140.0,1
3,238,15,15.866666666666667,1
2,140,15,9.333333333333334,1
1742160,73170832,15,4878055.466666667,1
22,1540,15,102.66666666666667,1
3,238,15,15.866666666666667,1
2,140,15,9.333333333333334,1
3,238,15,15.866666666666667,1
2,140,15,9.333333333333334,1
3,238,15,15.866666666666667,1
2,140,15,9.333333333333334,1
3,238,15,15.866666666666667,1
2,140,15,9.333333333333334,1
3,238,15,15.866666666666667,1
2,140,15,9.333333333333334,1
130,13562,15,904.1333333333333,1
18,1080,15,72.0,1
3,238,15,15.866666666666667,1
2,140,15,9.333333333333334,1
3,238,15,15.866666666666667,1
2,140,15,9.333333333333334,1
3,238,15,15.866666666666667,1
2,140,15,9.333333333333334,1
3,238,15,15.866666666666667,1
2,140,15,9.333333333333334,1
123,13086,15,872.4,1
36,2160,15,144.0,1
3,238,15,15.866666666666667,1
2,140,15,9.333333333333334,1
3,238,15,15.866666666666667,1
2,140,15,9.333333333333334,1
3,238,15,15.866666666666667,1
2,140,15,9.333333333333334,1
3,238,15,15.866666666666667,1
2,140,15,9.333333333333334,1
3,238,15,15.866666666666667,1
2,140,15,9.333333333333334,1
3,238,15,15.866666666666667,1
2,140,15,9.333333333333334,1
3,238,15,15.866666666666667,1
2,140,15,9.333333333333334,1
130,13592,15,906.1333333333333,1
36,2160,15,144.0,1
1742159,73170790,15,4878052.666666667,1
22,1540,15,102.66666666666667,1
3,238,15,15.866666666666667,1
2,140,15,9.333333333333334,1
3,238,15,15.866666666666667,1
2,140,15,9.333333333333334,1
3,238,15,15.866666666666667,1
2,140,15,9.333333333333334,1
3,238,15,15.866666666666667,1
2,140,15,9.333333333333334,1
3,238,15,15.866666666666667,1
2,140,15,9.333333333333334,1
3,238,15,15.866666666666667,1
2,140,15,9.333333333333334,1
3,238,15,15.866666666666667,1
2,140,15,9.333333333333334,1
132,13732,15,915.4666666666667,1
21,1260,17,74.11764705882354,1
3,238,17,14.0,1
2,140,17,8.235294117647058,1
1998954,83956180,17,4938598.823529412,1
24,1680,17,98.82352941176471,1
3,238,17,14.0,1
2,140,17,8.235294117647058,1
3,238,17,14.0,1
2,140,17,8.235294117647058,1
127,13506,17,794.4705882352941,1
21,1260,17,74.11764705882354,1
3,238,17,14.0,1
2,140,17,8.235294117647058,1
3,238,17,14.0,1
2,140,17,8.235294117647058,1
3,238,17,14.0,1
2,140,17,8.235294117647058,1
3,238,17,14.0,1
2,140,17,8.235294117647058,1
127,13514,17,794.9411764705883,1
41,2460,17,144.7058823529412,1
3,238,17,14.0,1
2,140,17,8.235294117647058,1
3,238,17,14.0,1
2,140,17,8.235294117647058,1
3,238,17,14.0,1
2,140,17,8.235294117647058,1
3,238,17,14.0,1
2,140,17,8.235294117647058,1
3,238,17,14.0,1
2,140,17,8.235294117647058,1
3,238,17,14.0,1
2,140,17,8.235294117647058,1
3,238,17,14.0,1
2,140,17,8.235294117647058,1
134,14020,17,824.7058823529412,1
40,2400,17,141.1764705882353,1
3,238,17,14.0,1
2,140,17,8.235294117647058,1
1998956,83956264,17,4938603.764705882,1
24,1680,17,98.82352941176471,1
3,238,17,14.0,1
2,140,17,8.235294117647058,1
3,238,17,14.0,1
2,140,17,8.235294117647058,1
3,238,17,14.0,1
2,140,17,8.235294117647058,1
3,238,17,14.0,1
2,140,17,8.235294117647058,1
3,238,17,14.0,1
2,140,17,8.235294117647058,1
134,13990,17,822.9411764705883,1
40,2400,17,141.1764705882353,1
1998955,83956222,17,4938601.294117647,1
24,1680,17,98.82352941176471,1
3,238,17,14.0,1
2,140,17,8.235294117647058,1
3,238,17,14.0,1
2,140,17,8.235294117647058,1
3,238,17,14.0,1
2,140,17,8.235294117647058,1
3,238,17,14.0,1
2,140,17,8.235294117647058,1
3,238,17,14.0,1
2,140,17,8.235294117647058,1
3,238,17,14.0,1
2,140,17,8.235294117647058,1
3,238,17,14.0,1
2,140,17,8.235294117647058,1
136,14160,17,832.9411764705883,1
23,1380,19,72.63157894736842,1
3,238,19,12.526315789473685,1
2,140,19,7.368421052631579,1
2254780,94700872,19,4984256.421052632,1
26,1820,19,95.78947368421052,1
3,238,19,12.526315789473685,1
2,140,19,7.368421052631579,1
3,238,19,12.526315789473685,1
2,140,19,7.368421052631579,1
127,13506,19,710.8421052631579,1
45,2700,19,142.10526315789474,1
3,238,19,12.526315789473685,1
2,140,19,7.368421052631579,1
3,238,19,12.526315789473685,1
2,140,19,7.368421052631579,1
3,238,19,12.526315789473685,1
2,140,19,7.368421052631579,1
3,238,19,12.526315789473685,1
2,140,19,7.368421052631579,1
3,238,19,12.526315789473685,1
2,140,19,7.368421052631579,1
3,238,19,12.526315789473685,1
2,140,19,7.368421052631579,1
3,238,19,12.526315789473685,1
2,140,19,7.368421052631579,1
134,14020,19,737.8947368421053,1
23,1380,19,72.63157894736842,1
3,238,19,12.526315789473685,1
2,140,19,7.368421052631579,1
3,238,19,12.526315789473685,1
2,140,19,7.368421052631579,1
3,238,19,12.526315789473685,1
2,140,19,7.368421052631579,1
3,238,19,12.526315789473685,1
2,140,19,7.368421052631579,1
127,13514,19,711.2631578947369,1
44,2640,19,138.94736842105263,1
2254782,94700956,19,4984260.842105263,1
26,1820,19,95.78947368421052,1
3,238,19,12.526315789473685,1
2,140,19,7.368421052631579,1
3,238,19,12.526315789473685,1
2,140,19,7.368421052631579,1
3,238,19,12.526315789473685,1
2,140,19,7.368421052631579,1
3,238,19,12.526315789473685,1
2,140,19,7.368421052631579,1
3,238,19,12.526315789473685,1
2,140,19,7.368421052631579,1
3,238,19,12.526315789473685,1
2,140,19,7.368421052631579,1
3,238,19,12.526315789473685,1
2,140,19,7.368421052631579,1
136,14160,19,745.2631578947369,1
44,2640,19,138.94736842105263,1
3,238,19,12.526315789473685,1
2,140,19,7.368421052631579,1
2254782,94700956,19,4984260.842105263,1
26,1820,19,95.78947368421052,1
3,238,19,12.526315789473685,1
2,140,19,7.368421052631579,1
3,238,19,12.526315789473685,1
2,140,19,7.368421052631579,1
3,238,19,12.526315789473685,1
2,140,19,7.368421052631579,1
3,238,19,12.526315789473685,1
2,140,19,7.368421052631579,1
3,238,19,12.526315789473685,1
2,140,19,7.368421052631579,1
134,13990,19,736.3157894736842,1
25,1500,21,71.42857142857143,1
3,238,21,11.333333333333334,1
2,140,21,6.666666666666667,1
2501247,105052486,21,5002499.333333333,1
28,1960,21,93.33333333333333,1
3,238,21,11.333333333333334,1
2,140,21,6.666666666666667,1
3,238,21,11.333333333333334,1
2,140,21,6.666666666666667,1
127,13506,21,643.1428571428571,1
48,2880,21,137.14285714285714,1
2501249,105052570,21,5002503.333333333,1
28,1960,21,93.33333333333333,1
3,238,21,11.333333333333334,1
2,140,21,6.666666666666667,1
3,238,21,11.333333333333334,1
2,140,21,6.666666666666667,1
3,238,21,11.333333333333334,1
2,140,21,6.666666666666667,1
3,238,21,11.333333333333334,1
2,140,21,6.666666666666667,1
3,238,21,11.333333333333334,1
2,140,21,6.666666666666667,1
3,238,21,11.333333333333334,1
2,140,21,6.666666666666667,1
3,238,21,11.333333333333334,1
2,140,21,6.666666666666667,1
136,14160,21,674.2857142857143,1
25,1500,21,71.42857142857143,1
3,238,21,11.333333333333334,1
2,140,21,6.666666666666667,1
3,238,21,11.333333333333334,1
2,140,21,6.666666666666667,1
3,238,21,11.333333333333334,1
2,140,21,6.666666666666667,1
3,238,21,11.333333333333334,1
2,140,21,6.666666666666667,1
127,13514,21,643.5238095238095,1
49,2940,21,140.0,1
3,238,21,11.333333333333334,1
2,140,21,6.666666666666667,1
2501249,105052570,21,5002503.333333333,1
28,1960,21,93.33333333333333,1
3,238,21,11.333333333333334,1
2,140,21,6.666666666666667,1
3,238,21,11.333333333333334,1
2,140,21,6.666666666666667,1
3,238,21,11.333333333333334,1
2,140,21,6.666666666666667,1
3,238,21,11.333333333333334,1
2,140,21,6.666666666666667,1
3,238,21,11.333333333333334,1
2,140,21,6.666666666666667,1
134,13990,21,666.1904761904761,1
50,3000,21,142.85714285714286,1
3,238,21,11.333333333333334,1
2,140,21,6.666666666666667,1
3,238,21,11.333333333333334,1
2,140,21,6.666666666666667,1
3,238,21,11.333333333333334,1
2,140,21,6.666666666666667,1
3,238,21,11.333333333333334,1
2,140,21,6.666666666666667,1
3,238,21,11.333333333333334,1
2,140,21,6.666666666666667,1
3,238,21,11.333333333333334,1
2,140,21,6.666666666666667,1
3,238,21,11.333333333333334,1
2,140,21,6.666666666666667,1
134,14020,21,667.6190476190476,1
54,3240,23,140.8695652173913,1
3,238,23,10.347826086956522,1
2,140,23,6.086956521739131,1
3,238,23,10.347826086956522,1
2,140,23,6.086956521739131,1
3,238,23,10.347826086956522,1
2,140,23,6.086956521739131,1
3,238,23,10.347826086956522,1
2,140,23,6.086956521739131,1
3,238,23,10.347826086956522,1
2,140,23,6.086956521739131,1
3,238,23,10.347826086956522,1
2,140,23,6.086956521739131,1
3,238,23,10.347826086956522,1
2,140,23,6.086956521739131,1
134,14020,23,609.5652173913044,1
27,1620,23,70.43478260869566,1
3,238,23,10.347826086956522,1
2,140,23,6.086956521739131,1
2735811,114904174,23,4995833.652173913,1
30,2100,23,91.30434782608695,1
3,238,23,10.347826086956522,1
2,140,23,6.086956521739131,1
3,238,23,10.347826086956522,1
2,140,23,6.086956521739131,1
127,13506,23,587.2173913043479,1
27,1620,23,70.43478260869566,1
3,238,23,10.347826086956522,1
2,140,23,6.086956521739131,1
3,238,23,10.347826086956522,1
2,140,23,6.086956521739131,1
3,238,23,10.347826086956522,1
2,140,23,6.086956521739131,1
3,238,23,10.347826086956522,1
2,140,23,6.086956521739131,1
127,13514,23,587.5652173913044,1
53,3180,23,138.2608695652174,1
2735813,114904258,23,4995837.304347826,1
30,2100,23,91.30434782608695,1
3,238,23,10.347826086956522,1
2,140,23,6.086956521739131,1
3,238,23,10.347826086956522,1
2,140,23,6.086956521739131,1
3,238,23,10.347826086956522,1
2,140,23,6.086956521739131,1
3,238,23,10.347826086956522,1
2,140,23,6.086956521739131,1
3,238,23,10.347826086956522,1
2,140,23,6.086956521739131,1
3,238,23,10.347826086956522,1
2,140,23,6.086956521739131,1
3,238,23,10.347826086956522,1
2,140,23,6.086956521739131,1
136,14160,23,615.6521739130435,1
53,3180,23,138.2608695652174,1
3,238,23,10.347826086956522,1
2,140,23,6.086956521739131,1
2735813,114904258,23,4995837.304347826,1
30,2100,23,91.30434782608695,1
3,238,23,10.347826086956522,1
2,140,23,6.086956521739131,1
3,238,23,10.347826086956522,1
2,140,23,6.086956521739131,1
3,238,23,10.347826086956522,1
2,140,23,6.086956521739131,1
3,238,23,10.347826086956522,1
2,140,23,6.086956521739131,1
3,238,23,10.347826086956522,1
2,140,23,6.086956521739131,1
134,13990,23,608.2608695652174,1
30,1800,25,72.0,1
3,238,25,9.52,1
2,140,25,5.6,1
2987105,125458522,25,5018340.88,1
32,2240,25,89.6,1
3,238,25,9.52,1
2,140,25,5.6,1
3,238,25,9.52,1
2,140,25,5.6,1
127,13506,25,540.24,1
58,3480,25,139.2,1
3,238,25,9.52,1
2,140,25,5.6,1
3,238,25,9.52,1
2,140,25,5.6,1
3,238,25,9.52,1
2,140,25,5.6,1
3,238,25,9.52,1
2,140,25,5.6,1
3,238,25,9.52,1
2,140,25,5.6,1
3,238,25,9.52,1
2,140,25,5.6,1
3,238,25,9.52,1
2,140,25,5.6,1
134,14020,25,560.8,1
30,1800,25,72.0,1
3,238,25,9.52,1
2,140,25,5.6,1
3,238,25,9.52,1
2,140,25,5.6,1
3,238,25,9.52,1
2,140,25,5.6,1
3,238,25,9.52,1
2,140,25,5.6,1
127,13514,25,540.56,1
57,3420,25,136.8,1
3,238,25,9.52,1
2,140,25,5.6,1
2987106,125458564,25,5018342.56,1
32,2240,25,89.6,1
3,238,25,9.52,1
2,140,25,5.6,1
3,238,25,9.52,1
2,140,25,5.6,1
3,238,25,9.52,1
2,140,25,5.6,1
3,238,25,9.52,1
2,140,25,5.6,1
3,238,25,9.52,1
2,140,25,5.6,1
134,13990,25,559.6,1
58,3480,25,139.2,1
2987106,125458564,25,5018342.56,1
32,2240,25,89.6,1
3,238,25,9.52,1
2,140,25,5.6,1
3,238,25,9.52,1
2,140,25,5.6,1
3,238,25,9.52,1
2,140,25,5.6,1
3,238,25,9.52,1
2,140,25,5.6,1
3,238,25,9.52,1
2,140,25,5.6,1
3,238,25,9.52,1
2,140,25,5.6,1
3,238,25,9.52,1
2,140,25,5.6,1
136,14160,25,566.4,1
63,3780,27,140.0,1
3,238,27,8.814814814814815,1
2,140,27,5.185185185185185,1
3,238,27,8.814814814814815,1
2,140,27,5.185185185185185,1
3,238,27,8.814814814814815,1
2,140,27,5.185185185185185,1
3,238,27,8.814814814814815,1
2,140,27,5.185185185185185,1
3,238,27,8.814814814814815,1
2,140,27,5.185185185185185,1
3,238,27,8.814814814814815,1
2,140,27,5.185185185185185,1
3,238,27,8.814814814814815,1
2,140,27,5.185185185185185,1
137,14230,27,527.0370370370371,1
32,1920,27,71.11111111111111,1
3,238,27,8.814814814814815,1
2,140,27,5.185185185185185,1
3242558,136187548,27,5043983.259259259,1
34,2380,27,88.14814814814815,1
3,238,27,8.814814814814815,1
2,140,27,5.185185185185185,1
3,238,27,8.814814814814815,1
2,140,27,5.185185185185185,1
129,13646,27,505.4074074074074,1
62,3720,27,137.77777777777777,1
3242558,136187548,27,5043983.259259259,1
34,2380,27,88.14814814814815,1
3,238,27,8.814814814814815,1
2,140,27,5.185185185185185,1
3,238,27,8.814814814814815,1
2,140,27,5.185185185185185,1
3,238,27,8.814814814814815,1
2,140,27,5.185185185185185,1
3,238,27,8.814814814814815,1
2,140,27,5.185185185185185,1
3,238,27,8.814814814814815,1
2,140,27,5.185185185185185,1
3,238,27,8.814814814814815,1
2,140,27,5.185185185185185,1
3,238,27,8.814814814814815,1
2,140,27,5.185185185185185,1
140,14440,27,534.8148148148148,1
62,3720,27,137.77777777777777,1
3,238,27,8.814814814814815,1
2,140,27,5.185185185185185,1
3242559,136187590,27,5043984.814814814,1
34,2380,27,88.14814814814815,1
3,238,27,8.814814814814815,1
2,140,27,5.185185185185185,1
3,238,27,8.814814814814815,1
2,140,27,5.185185185185185,1
3,238,27,8.814814814814815,1
2,140,27,5.185185185185185,1
3,238,27,8.814814814814815,1
2,140,27,5.185185185185185,1
3,238,27,8.814814814814815,1
2,140,27,5.185185185185185,1
137,14200,27,525.925925925926,1
32,1920,27,71.11111111111111,1
3,238,27,8.814814814814815,1
2,140,27,5.185185185185185,1
3,238,27,8.814814814814815,1
2,140,27,5.185185185185185,1
3,238,27,8.814814814814815,1
2,140,27,5.185185185185185,1
3,238,27,8.814814814814815,1
2,140,27,5.185185185185185,1
130,13724,27,508.2962962962963,1
34,2040,29,70.34482758620689,1
3,238,29,8.206896551724139,1
2,140,29,4.827586206896552,1
3451987,144983566,29,4999433.310344827,1
36,2520,29,86.89655172413794,1
3,238,29,8.206896551724139,1
2,140,29,4.827586206896552,1
3,238,29,8.206896551724139,1
2,140,29,4.827586206896552,1
132,13856,29,477.7931034482759,1
66,3960,29,136.55172413793105,1
3451987,144983566,29,4999433.310344827,1
36,2520,29,86.89655172413794,1
3,238,29,8.206896551724139,1
2,140,29,4.827586206896552,1
3,238,29,8.206896551724139,1
2,140,29,4.827586206896552,1
3,238,29,8.206896551724139,1
2,140,29,4.827586206896552,1
3,238,29,8.206896551724139,1
2,140,29,4.827586206896552,1
3,238,29,8.206896551724139,1
2,140,29,4.827586206896552,1
3,238,29,8.206896551724139,1
2,140,29,4.827586206896552,1
3,238,29,8.206896551724139,1
2,140,29,4.827586206896552,1
143,14650,29,505.17241379310343,1
67,4020,29,138.6206896551724,1
3,238,29,8.206896551724139,1
2,140,29,4.827586206896552,1
3451987,144983566,29,4999433.310344827,1
36,2520,29,86.89655172413794,1
3,238,29,8.206896551724139,1
2,140,29,4.827586206896552,1
3,238,29,8.206896551724139,1
2,140,29,4.827586206896552,1
3,238,29,8.206896551724139,1
2,140,29,4.827586206896552,1
3,238,29,8.206896551724139,1
2,140,29,4.827586206896552,1
3,238,29,8.206896551724139,1
2,140,29,4.827586206896552,1
140,14410,29,496.8965517241379,1
67,4020,29,138.6206896551724,1
3,238,29,8.206896551724139,1
2,140,29,4.827586206896552,1
3,238,29,8.206896551724139,1
2,140,29,4.827586206896552,1
3,238,29,8.206896551724139,1
2,140,29,4.827586206896552,1
3,238,29,8.206896551724139,1
2,140,29,4.827586206896552,1
3,238,29,8.206896551724139,1
2,140,29,4.827586206896552,1
3,238,29,8.206896551724139,1
2,140,29,4.827586206896552,1
3,238,29,8.206896551724139,1
2,140,29,4.827586206896552,1
140,14440,29,497.9310344827586,1
34,2040,29,70.34482758620689,1
3,238,29,8.206896551724139,1
2,140,29,4.827586206896552,1
3,238,29,8.206896551724139,1
2,140,29,4.827586206896552,1
3,238,29,8.206896551724139,1
2,140,29,4.827586206896552,1
3,238,29,8.206896551724139,1
2,140,29,4.827586206896552,1
132,13864,29,478.0689655172414,1
36,2160,31,69.6774193548387,1
3,238,31,7.67741935483871,1
2,140,31,4.516129032258065,1
3451987,144983566,31,4676889.225806451,1
36,2520,31,81.29032258064517,1
3,238,31,7.67741935483871,1
2,140,31,4.516129032258065,1
3,238,31,7.67741935483871,1
2,140,31,4.516129032258065,1
134,13996,31,451.48387096774195,1
71,4260,31,137.41935483870967,1
3,238,31,7.67741935483871,1
2,140,31,4.516129032258065,1
3451987,144983566,31,4676889.225806451,1
36,2520,31,81.29032258064517,1
3,238,31,7.67741935483871,1
2,140,31,4.516129032258065,1
3,238,31,7.67741935483871,1
2,140,31,4.516129032258065,1
3,238,31,7.67741935483871,1
2,140,31,4.516129032258065,1
3,238,31,7.67741935483871,1
2,140,31,4.516129032258065,1
3,238,31,7.67741935483871,1
2,140,31,4.516129032258065,1
141,14480,31,467.0967741935484,1
72,4320,31,139.3548387096774,1
3,238,31,7.67741935483871,1
2,140,31,4.516129032258065,1
3,238,31,7.67741935483871,1
2,140,31,4.516129032258065,1
3,238,31,7.67741935483871,1
2,140,31,4.516129032258065,1
3,238,31,7.67741935483871,1
2,140,31,4.516129032258065,1
3,238,31,7.67741935483871,1
2,140,31,4.516129032258065,1
3,238,31,7.67741935483871,1
2,140,31,4.516129032258065,1
3,238,31,7.67741935483871,1
2,140,31,4.516129032258065,1
142,14580,31,470.3225806451613,1
71,4260,31,137.41935483870967,1
3451987,144983566,31,4676889.225806451,1
36,2520,31,81.29032258064517,1
3,238,31,7.67741935483871,1
2,140,31,4.516129032258065,1
3,238,31,7.67741935483871,1
2,140,31,4.516129032258065,1
3,238,31,7.67741935483871,1
2,140,31,4.516129032258065,1
3,238,31,7.67741935483871,1
2,140,31,4.516129032258065,1
3,238,31,7.67741935483871,1
2,140,31,4.516129032258065,1
3,238,31,7.67741935483871,1
2,140,31,4.516129032258065,1
3,238,31,7.67741935483871,1
2,140,31,4.516129032258065,1
144,14720,31,474.83870967741933,1
36,2160,31,69.6774193548387,1
3,238,31,7.67741935483871,1
2,140,31,4.516129032258065,1
3,238,31,7.67741935483871,1
2,140,31,4.516129032258065,1
3,238,31,7.67741935483871,1
2,140,31,4.516129032258065,1
3,238,31,7.67741935483871,1
2,140,31,4.516129032258065,1
134,14004,31,451.741935483871,1
38,2280,33,69.0909090909091,1
3,238,33,7.212121212121212,1
2,140,33,4.242424242424242,1
3451987,144983566,33,4393441.393939394,1
36,2520,33,76.36363636363636,1
3,238,33,7.212121212121212,1
2,140,33,4.242424242424242,1
3,238,33,7.212121212121212,1
2,140,33,4.242424242424242,1
140,14564,33,441.3333333333333,1
76,4560,33,138.1818181818182,1
3,238,33,7.212121212121212,1
2,140,33,4.242424242424242,1
3,238,33,7.212121212121212,1
2,140,33,4.242424242424242,1
3,238,33,7.212121212121212,1
2,140,33,4.242424242424242,1
3,238,33,7.212121212121212,1
2,140,33,4.242424242424242,1
3,238,33,7.212121212121212,1
2,140,33,4.242424242424242,1
3,238,33,7.212121212121212,1
2,140,33,4.242424242424242,1
3,238,33,7.212121212121212,1
2,140,33,4.242424242424242,1
147,15078,33,456.90909090909093,1
75,4500,33,136.36363636363637,1
3,238,33,7.212121212121212,1
2,140,33,4.242424242424242,1
3451987,144983566,33,4393441.393939394,1
36,2520,33,76.36363636363636,1
3,238,33,7.212121212121212,1
2,140,33,4.242424242424242,1
3,238,33,7.212121212121212,1
2,140,33,4.242424242424242,1
3,238,33,7.212121212121212,1
2,140,33,4.242424242424242,1
3,238,33,7.212121212121212,1
2,140,33,4.242424242424242,1
3,238,33,7.212121212121212,1
2,140,33,4.242424242424242,1
147,15048,33,456.0,1
38,2280,33,69.0909090909091,1
3,238,33,7.212121212121212,1
2,140,33,4.242424242424242,1
3,238,33,7.212121212121212,1
2,140,33,4.242424242424242,1
3,238,33,7.212121212121212,1
2,140,33,4.242424242424242,1
3,238,33,7.212121212121212,1
2,140,33,4.242424242424242,1
140,14572,33,441.57575757575756,1
76,4560,33,138.1818181818182,1
3451987,144983566,33,4393441.393939394,1
36,2520,33,76.36363636363636,1
3,238,33,7.212121212121212,1
2,140,33,4.242424242424242,1
3,238,33,7.212121212121212,1
2,140,33,4.242424242424242,1
3,238,33,7.212121212121212,1
2,140,33,4.242424242424242,1
3,238,33,7.212121212121212,1
2,140,33,4.242424242424242,1
3,238,33,7.212121212121212,1
2,140,33,4.242424242424242,1
3,238,33,7.212121212121212,1
2,140,33,4.242424242424242,1
3,238,33,7.212121212121212,1
2,140,33,4.242424242424242,1
149,15218,33,461.1515151515151,1
81,4860,35,138.85714285714286,1
3,238,35,6.8,1
2,140,35,4.0,1
3,238,35,6.8,1
2,140,35,4.0,1
3,238,35,6.8,1
2,140,35,4.0,1
3,238,35,6.8,1
2,140,35,4.0,1
3,238,35,6.8,1
2,140,35,4.0,1
3,238,35,6.8,1
2,140,35,4.0,1
3,238,35,6.8,1
2,140,35,4.0,1
147,15078,35,430.8,1
41,2460,35,70.28571428571429,1
3,238,35,6.8,1
2,140,35,4.0,1
3451987,144983566,35,4142387.6,1
36,2520,35,72.0,1
3,238,35,6.8,1
2,140,35,4.0,1
3,238,35,6.8,1
2,140,35,4.0,1
140,14564,35,416.1142857142857,1
80,4800,35,137.14285714285714,1
3451987,144983566,35,4142387.6,1
36,2520,35,72.0,1
3,238,35,6.8,1
2,140,35,4.0,1
3,238,35,6.8,1
2,140,35,4.0,1
3,238,35,6.8,1
2,140,35,4.0,1
3,238,35,6.8,1
2,140,35,4.0,1
3,238,35,6.8,1
2,140,35,4.0,1
3,238,35,6.8,1
2,140,35,4.0,1
3,238,35,6.8,1
2,140,35,4.0,1
149,15218,35,434.8,1
41,2460,35,70.28571428571429,1
3,238,35,6.8,1
2,140,35,4.0,1
3,238,35,6.8,1
2,140,35,4.0,1
3,238,35,6.8,1
2,140,35,4.0,1
3,238,35,6.8,1
2,140,35,4.0,1
140,14572,35,416.34285714285716,1
80,4800,35,137.14285714285714,1
3,238,35,6.8,1
2,140,35,4.0,1
3451987,144983566,35,4142387.6,1
36,2520,35,72.0,1
3,238,35,6.8,1
2,140,35,4.0,1
3,238,35,6.8,1
2,140,35,4.0,1
3,238,35,6.8,1
2,140,35,4.0,1
3,238,35,6.8,1
2,140,35,4.0,1
3,238,35,6.8,1
2,140,35,4.0,1
147,15048,35,429.9428571428571,1
